Base,Diacríticos,Forma descompuesta,Forma precompuesta,Unicode precompuesta
α,U+0313,ἀ,ἀ,U+1F00
α,U+0314,ἁ,ἁ,U+1F01
α,U+0301,ά,ά,U+03AC
α,U+0342,ᾶ,ᾶ,U+1FB6
α,U+0300,ὰ,ὰ,U+1F70
α,U+0345,ᾳ,ᾳ,U+1FB3
α,U+0313U+0313,ἀ̓,ἀ̓,U+1F00 U+0313
α,U+0313U+0314,ἀ̔,ἀ̔,U+1F00 U+0314
α,U+0313U+0301,ἄ,ἄ,U+1F04
α,U+0313U+0342,ἆ,ἆ,U+1F06
α,U+0313U+0300,ἂ,ἂ,U+1F02
α,U+0313U+0345,ᾀ,ᾀ,U+1F80
α,U+0314U+0314,ἁ̔,ἁ̔,U+1F01 U+0314
α,U+0314U+0301,ἅ,ἅ,U+1F05
α,U+0314U+0342,ἇ,ἇ,U+1F07
α,U+0314U+0300,ἃ,ἃ,U+1F03
α,U+0314U+0345,ᾁ,ᾁ,U+1F81
α,U+0301U+0301,ά́,ά́,U+03AC U+0301
α,U+0301U+0342,ά͂,ά͂,U+03AC U+0342
α,U+0301U+0300,ά̀,ά̀,U+03AC U+0300
α,U+0301U+0345,ᾴ,ᾴ,U+1FB4
α,U+0342U+0342,ᾶ͂,ᾶ͂,U+1FB6 U+0342
α,U+0342U+0300,ᾶ̀,ᾶ̀,U+1FB6 U+0300
α,U+0342U+0345,ᾷ,ᾷ,U+1FB7
α,U+0300U+0300,ὰ̀,ὰ̀,U+1F70 U+0300
α,U+0300U+0345,ᾲ,ᾲ,U+1FB2
α,U+0345U+0345,ᾳͅ,ᾳͅ,U+1FB3 U+0345
α,U+0313U+0313U+0313,ἀ̓̓,ἀ̓̓,U+1F00 U+0313 U+0313
α,U+0313U+0313U+0314,ἀ̓̔,ἀ̓̔,U+1F00 U+0313 U+0314
α,U+0313U+0313U+0301,ἀ̓́,ἀ̓́,U+1F00 U+0313 U+0301
α,U+0313U+0313U+0342,ἀ̓͂,ἀ̓͂,U+1F00 U+0313 U+0342
α,U+0313U+0313U+0300,ἀ̓̀,ἀ̓̀,U+1F00 U+0313 U+0300
α,U+0313U+0313U+0345,ᾀ̓,ᾀ̓,U+1F80 U+0313
α,U+0313U+0314U+0314,ἀ̔̔,ἀ̔̔,U+1F00 U+0314 U+0314
α,U+0313U+0314U+0301,ἀ̔́,ἀ̔́,U+1F00 U+0314 U+0301
α,U+0313U+0314U+0342,ἀ̔͂,ἀ̔͂,U+1F00 U+0314 U+0342
α,U+0313U+0314U+0300,ἀ̔̀,ἀ̔̀,U+1F00 U+0314 U+0300
α,U+0313U+0314U+0345,ᾀ̔,ᾀ̔,U+1F80 U+0314
α,U+0313U+0301U+0301,ἄ́,ἄ́,U+1F04 U+0301
α,U+0313U+0301U+0342,ἄ͂,ἄ͂,U+1F04 U+0342
α,U+0313U+0301U+0300,ἄ̀,ἄ̀,U+1F04 U+0300
α,U+0313U+0301U+0345,ᾄ,ᾄ,U+1F84
α,U+0313U+0342U+0342,ἆ͂,ἆ͂,U+1F06 U+0342
α,U+0313U+0342U+0300,ἆ̀,ἆ̀,U+1F06 U+0300
α,U+0313U+0342U+0345,ᾆ,ᾆ,U+1F86
α,U+0313U+0300U+0300,ἂ̀,ἂ̀,U+1F02 U+0300
α,U+0313U+0300U+0345,ᾂ,ᾂ,U+1F82
α,U+0313U+0345U+0345,ᾀͅ,ᾀͅ,U+1F80 U+0345
α,U+0314U+0314U+0314,ἁ̔̔,ἁ̔̔,U+1F01 U+0314 U+0314
α,U+0314U+0314U+0301,ἁ̔́,ἁ̔́,U+1F01 U+0314 U+0301
α,U+0314U+0314U+0342,ἁ̔͂,ἁ̔͂,U+1F01 U+0314 U+0342
α,U+0314U+0314U+0300,ἁ̔̀,ἁ̔̀,U+1F01 U+0314 U+0300
α,U+0314U+0314U+0345,ᾁ̔,ᾁ̔,U+1F81 U+0314
α,U+0314U+0301U+0301,ἅ́,ἅ́,U+1F05 U+0301
α,U+0314U+0301U+0342,ἅ͂,ἅ͂,U+1F05 U+0342
α,U+0314U+0301U+0300,ἅ̀,ἅ̀,U+1F05 U+0300
α,U+0314U+0301U+0345,ᾅ,ᾅ,U+1F85
α,U+0314U+0342U+0342,ἇ͂,ἇ͂,U+1F07 U+0342
α,U+0314U+0342U+0300,ἇ̀,ἇ̀,U+1F07 U+0300
α,U+0314U+0342U+0345,ᾇ,ᾇ,U+1F87
α,U+0314U+0300U+0300,ἃ̀,ἃ̀,U+1F03 U+0300
α,U+0314U+0300U+0345,ᾃ,ᾃ,U+1F83
α,U+0314U+0345U+0345,ᾁͅ,ᾁͅ,U+1F81 U+0345
α,U+0301U+0301U+0301,ά́́,ά́́,U+03AC U+0301 U+0301
α,U+0301U+0301U+0342,ά́͂,ά́͂,U+03AC U+0301 U+0342
α,U+0301U+0301U+0300,ά́̀,ά́̀,U+03AC U+0301 U+0300
α,U+0301U+0301U+0345,ᾴ́,ᾴ́,U+1FB4 U+0301
α,U+0301U+0342U+0342,ά͂͂,ά͂͂,U+03AC U+0342 U+0342
α,U+0301U+0342U+0300,ά͂̀,ά͂̀,U+03AC U+0342 U+0300
α,U+0301U+0342U+0345,ᾴ͂,ᾴ͂,U+1FB4 U+0342
α,U+0301U+0300U+0300,ά̀̀,ά̀̀,U+03AC U+0300 U+0300
α,U+0301U+0300U+0345,ᾴ̀,ᾴ̀,U+1FB4 U+0300
α,U+0301U+0345U+0345,ᾴͅ,ᾴͅ,U+1FB4 U+0345
α,U+0342U+0342U+0342,ᾶ͂͂,ᾶ͂͂,U+1FB6 U+0342 U+0342
α,U+0342U+0342U+0300,ᾶ͂̀,ᾶ͂̀,U+1FB6 U+0342 U+0300
α,U+0342U+0342U+0345,ᾷ͂,ᾷ͂,U+1FB7 U+0342
α,U+0342U+0300U+0300,ᾶ̀̀,ᾶ̀̀,U+1FB6 U+0300 U+0300
α,U+0342U+0300U+0345,ᾷ̀,ᾷ̀,U+1FB7 U+0300
α,U+0342U+0345U+0345,ᾷͅ,ᾷͅ,U+1FB7 U+0345
α,U+0300U+0300U+0300,ὰ̀̀,ὰ̀̀,U+1F70 U+0300 U+0300
α,U+0300U+0300U+0345,ᾲ̀,ᾲ̀,U+1FB2 U+0300
α,U+0300U+0345U+0345,ᾲͅ,ᾲͅ,U+1FB2 U+0345
α,U+0345U+0345U+0345,ᾳͅͅ,ᾳͅͅ,U+1FB3 U+0345 U+0345
ε,U+0313,ἐ,ἐ,U+1F10
ε,U+0314,ἑ,ἑ,U+1F11
ε,U+0301,έ,έ,U+03AD
ε,U+0342,ε͂,ε͂,U+03B5 U+0342
ε,U+0300,ὲ,ὲ,U+1F72
ε,U+0345,εͅ,εͅ,U+03B5 U+0345
ε,U+0313U+0313,ἐ̓,ἐ̓,U+1F10 U+0313
ε,U+0313U+0314,ἐ̔,ἐ̔,U+1F10 U+0314
ε,U+0313U+0301,ἔ,ἔ,U+1F14
ε,U+0313U+0342,ἐ͂,ἐ͂,U+1F10 U+0342
ε,U+0313U+0300,ἒ,ἒ,U+1F12
ε,U+0313U+0345,ἐͅ,ἐͅ,U+1F10 U+0345
ε,U+0314U+0314,ἑ̔,ἑ̔,U+1F11 U+0314
ε,U+0314U+0301,ἕ,ἕ,U+1F15
ε,U+0314U+0342,ἑ͂,ἑ͂,U+1F11 U+0342
ε,U+0314U+0300,ἓ,ἓ,U+1F13
ε,U+0314U+0345,ἑͅ,ἑͅ,U+1F11 U+0345
ε,U+0301U+0301,έ́,έ́,U+03AD U+0301
ε,U+0301U+0342,έ͂,έ͂,U+03AD U+0342
ε,U+0301U+0300,έ̀,έ̀,U+03AD U+0300
ε,U+0301U+0345,έͅ,έͅ,U+03AD U+0345
ε,U+0342U+0342,ε͂͂,ε͂͂,U+03B5 U+0342 U+0342
ε,U+0342U+0300,ε͂̀,ε͂̀,U+03B5 U+0342 U+0300
ε,U+0342U+0345,ε͂ͅ,ε͂ͅ,U+03B5 U+0342 U+0345
ε,U+0300U+0300,ὲ̀,ὲ̀,U+1F72 U+0300
ε,U+0300U+0345,ὲͅ,ὲͅ,U+1F72 U+0345
ε,U+0345U+0345,εͅͅ,εͅͅ,U+03B5 U+0345 U+0345
ε,U+0313U+0313U+0313,ἐ̓̓,ἐ̓̓,U+1F10 U+0313 U+0313
ε,U+0313U+0313U+0314,ἐ̓̔,ἐ̓̔,U+1F10 U+0313 U+0314
ε,U+0313U+0313U+0301,ἐ̓́,ἐ̓́,U+1F10 U+0313 U+0301
ε,U+0313U+0313U+0342,ἐ̓͂,ἐ̓͂,U+1F10 U+0313 U+0342
ε,U+0313U+0313U+0300,ἐ̓̀,ἐ̓̀,U+1F10 U+0313 U+0300
ε,U+0313U+0313U+0345,ἐ̓ͅ,ἐ̓ͅ,U+1F10 U+0313 U+0345
ε,U+0313U+0314U+0314,ἐ̔̔,ἐ̔̔,U+1F10 U+0314 U+0314
ε,U+0313U+0314U+0301,ἐ̔́,ἐ̔́,U+1F10 U+0314 U+0301
ε,U+0313U+0314U+0342,ἐ̔͂,ἐ̔͂,U+1F10 U+0314 U+0342
ε,U+0313U+0314U+0300,ἐ̔̀,ἐ̔̀,U+1F10 U+0314 U+0300
ε,U+0313U+0314U+0345,ἐ̔ͅ,ἐ̔ͅ,U+1F10 U+0314 U+0345
ε,U+0313U+0301U+0301,ἔ́,ἔ́,U+1F14 U+0301
ε,U+0313U+0301U+0342,ἔ͂,ἔ͂,U+1F14 U+0342
ε,U+0313U+0301U+0300,ἔ̀,ἔ̀,U+1F14 U+0300
ε,U+0313U+0301U+0345,ἔͅ,ἔͅ,U+1F14 U+0345
ε,U+0313U+0342U+0342,ἐ͂͂,ἐ͂͂,U+1F10 U+0342 U+0342
ε,U+0313U+0342U+0300,ἐ͂̀,ἐ͂̀,U+1F10 U+0342 U+0300
ε,U+0313U+0342U+0345,ἐ͂ͅ,ἐ͂ͅ,U+1F10 U+0342 U+0345
ε,U+0313U+0300U+0300,ἒ̀,ἒ̀,U+1F12 U+0300
ε,U+0313U+0300U+0345,ἒͅ,ἒͅ,U+1F12 U+0345
ε,U+0313U+0345U+0345,ἐͅͅ,ἐͅͅ,U+1F10 U+0345 U+0345
ε,U+0314U+0314U+0314,ἑ̔̔,ἑ̔̔,U+1F11 U+0314 U+0314
ε,U+0314U+0314U+0301,ἑ̔́,ἑ̔́,U+1F11 U+0314 U+0301
ε,U+0314U+0314U+0342,ἑ̔͂,ἑ̔͂,U+1F11 U+0314 U+0342
ε,U+0314U+0314U+0300,ἑ̔̀,ἑ̔̀,U+1F11 U+0314 U+0300
ε,U+0314U+0314U+0345,ἑ̔ͅ,ἑ̔ͅ,U+1F11 U+0314 U+0345
ε,U+0314U+0301U+0301,ἕ́,ἕ́,U+1F15 U+0301
ε,U+0314U+0301U+0342,ἕ͂,ἕ͂,U+1F15 U+0342
ε,U+0314U+0301U+0300,ἕ̀,ἕ̀,U+1F15 U+0300
ε,U+0314U+0301U+0345,ἕͅ,ἕͅ,U+1F15 U+0345
ε,U+0314U+0342U+0342,ἑ͂͂,ἑ͂͂,U+1F11 U+0342 U+0342
ε,U+0314U+0342U+0300,ἑ͂̀,ἑ͂̀,U+1F11 U+0342 U+0300
ε,U+0314U+0342U+0345,ἑ͂ͅ,ἑ͂ͅ,U+1F11 U+0342 U+0345
ε,U+0314U+0300U+0300,ἓ̀,ἓ̀,U+1F13 U+0300
ε,U+0314U+0300U+0345,ἓͅ,ἓͅ,U+1F13 U+0345
ε,U+0314U+0345U+0345,ἑͅͅ,ἑͅͅ,U+1F11 U+0345 U+0345
ε,U+0301U+0301U+0301,έ́́,έ́́,U+03AD U+0301 U+0301
ε,U+0301U+0301U+0342,έ́͂,έ́͂,U+03AD U+0301 U+0342
ε,U+0301U+0301U+0300,έ́̀,έ́̀,U+03AD U+0301 U+0300
ε,U+0301U+0301U+0345,έ́ͅ,έ́ͅ,U+03AD U+0301 U+0345
ε,U+0301U+0342U+0342,έ͂͂,έ͂͂,U+03AD U+0342 U+0342
ε,U+0301U+0342U+0300,έ͂̀,έ͂̀,U+03AD U+0342 U+0300
ε,U+0301U+0342U+0345,έ͂ͅ,έ͂ͅ,U+03AD U+0342 U+0345
ε,U+0301U+0300U+0300,έ̀̀,έ̀̀,U+03AD U+0300 U+0300
ε,U+0301U+0300U+0345,έ̀ͅ,έ̀ͅ,U+03AD U+0300 U+0345
ε,U+0301U+0345U+0345,έͅͅ,έͅͅ,U+03AD U+0345 U+0345
ε,U+0342U+0342U+0342,ε͂͂͂,ε͂͂͂,U+03B5 U+0342 U+0342 U+0342
ε,U+0342U+0342U+0300,ε͂͂̀,ε͂͂̀,U+03B5 U+0342 U+0342 U+0300
ε,U+0342U+0342U+0345,ε͂͂ͅ,ε͂͂ͅ,U+03B5 U+0342 U+0342 U+0345
ε,U+0342U+0300U+0300,ε͂̀̀,ε͂̀̀,U+03B5 U+0342 U+0300 U+0300
ε,U+0342U+0300U+0345,ε͂̀ͅ,ε͂̀ͅ,U+03B5 U+0342 U+0300 U+0345
ε,U+0342U+0345U+0345,ε͂ͅͅ,ε͂ͅͅ,U+03B5 U+0342 U+0345 U+0345
ε,U+0300U+0300U+0300,ὲ̀̀,ὲ̀̀,U+1F72 U+0300 U+0300
ε,U+0300U+0300U+0345,ὲ̀ͅ,ὲ̀ͅ,U+1F72 U+0300 U+0345
ε,U+0300U+0345U+0345,ὲͅͅ,ὲͅͅ,U+1F72 U+0345 U+0345
ε,U+0345U+0345U+0345,εͅͅͅ,εͅͅͅ,U+03B5 U+0345 U+0345 U+0345
η,U+0313,ἠ,ἠ,U+1F20
η,U+0314,ἡ,ἡ,U+1F21
η,U+0301,ή,ή,U+03AE
η,U+0342,ῆ,ῆ,U+1FC6
η,U+0300,ὴ,ὴ,U+1F74
η,U+0345,ῃ,ῃ,U+1FC3
η,U+0313U+0313,ἠ̓,ἠ̓,U+1F20 U+0313
η,U+0313U+0314,ἠ̔,ἠ̔,U+1F20 U+0314
η,U+0313U+0301,ἤ,ἤ,U+1F24
η,U+0313U+0342,ἦ,ἦ,U+1F26
η,U+0313U+0300,ἢ,ἢ,U+1F22
η,U+0313U+0345,ᾐ,ᾐ,U+1F90
η,U+0314U+0314,ἡ̔,ἡ̔,U+1F21 U+0314
η,U+0314U+0301,ἥ,ἥ,U+1F25
η,U+0314U+0342,ἧ,ἧ,U+1F27
η,U+0314U+0300,ἣ,ἣ,U+1F23
η,U+0314U+0345,ᾑ,ᾑ,U+1F91
η,U+0301U+0301,ή́,ή́,U+03AE U+0301
η,U+0301U+0342,ή͂,ή͂,U+03AE U+0342
η,U+0301U+0300,ή̀,ή̀,U+03AE U+0300
η,U+0301U+0345,ῄ,ῄ,U+1FC4
η,U+0342U+0342,ῆ͂,ῆ͂,U+1FC6 U+0342
η,U+0342U+0300,ῆ̀,ῆ̀,U+1FC6 U+0300
η,U+0342U+0345,ῇ,ῇ,U+1FC7
η,U+0300U+0300,ὴ̀,ὴ̀,U+1F74 U+0300
η,U+0300U+0345,ῂ,ῂ,U+1FC2
η,U+0345U+0345,ῃͅ,ῃͅ,U+1FC3 U+0345
η,U+0313U+0313U+0313,ἠ̓̓,ἠ̓̓,U+1F20 U+0313 U+0313
η,U+0313U+0313U+0314,ἠ̓̔,ἠ̓̔,U+1F20 U+0313 U+0314
η,U+0313U+0313U+0301,ἠ̓́,ἠ̓́,U+1F20 U+0313 U+0301
η,U+0313U+0313U+0342,ἠ̓͂,ἠ̓͂,U+1F20 U+0313 U+0342
η,U+0313U+0313U+0300,ἠ̓̀,ἠ̓̀,U+1F20 U+0313 U+0300
η,U+0313U+0313U+0345,ᾐ̓,ᾐ̓,U+1F90 U+0313
η,U+0313U+0314U+0314,ἠ̔̔,ἠ̔̔,U+1F20 U+0314 U+0314
η,U+0313U+0314U+0301,ἠ̔́,ἠ̔́,U+1F20 U+0314 U+0301
η,U+0313U+0314U+0342,ἠ̔͂,ἠ̔͂,U+1F20 U+0314 U+0342
η,U+0313U+0314U+0300,ἠ̔̀,ἠ̔̀,U+1F20 U+0314 U+0300
η,U+0313U+0314U+0345,ᾐ̔,ᾐ̔,U+1F90 U+0314
η,U+0313U+0301U+0301,ἤ́,ἤ́,U+1F24 U+0301
η,U+0313U+0301U+0342,ἤ͂,ἤ͂,U+1F24 U+0342
η,U+0313U+0301U+0300,ἤ̀,ἤ̀,U+1F24 U+0300
η,U+0313U+0301U+0345,ᾔ,ᾔ,U+1F94
η,U+0313U+0342U+0342,ἦ͂,ἦ͂,U+1F26 U+0342
η,U+0313U+0342U+0300,ἦ̀,ἦ̀,U+1F26 U+0300
η,U+0313U+0342U+0345,ᾖ,ᾖ,U+1F96
η,U+0313U+0300U+0300,ἢ̀,ἢ̀,U+1F22 U+0300
η,U+0313U+0300U+0345,ᾒ,ᾒ,U+1F92
η,U+0313U+0345U+0345,ᾐͅ,ᾐͅ,U+1F90 U+0345
η,U+0314U+0314U+0314,ἡ̔̔,ἡ̔̔,U+1F21 U+0314 U+0314
η,U+0314U+0314U+0301,ἡ̔́,ἡ̔́,U+1F21 U+0314 U+0301
η,U+0314U+0314U+0342,ἡ̔͂,ἡ̔͂,U+1F21 U+0314 U+0342
η,U+0314U+0314U+0300,ἡ̔̀,ἡ̔̀,U+1F21 U+0314 U+0300
η,U+0314U+0314U+0345,ᾑ̔,ᾑ̔,U+1F91 U+0314
η,U+0314U+0301U+0301,ἥ́,ἥ́,U+1F25 U+0301
η,U+0314U+0301U+0342,ἥ͂,ἥ͂,U+1F25 U+0342
η,U+0314U+0301U+0300,ἥ̀,ἥ̀,U+1F25 U+0300
η,U+0314U+0301U+0345,ᾕ,ᾕ,U+1F95
η,U+0314U+0342U+0342,ἧ͂,ἧ͂,U+1F27 U+0342
η,U+0314U+0342U+0300,ἧ̀,ἧ̀,U+1F27 U+0300
η,U+0314U+0342U+0345,ᾗ,ᾗ,U+1F97
η,U+0314U+0300U+0300,ἣ̀,ἣ̀,U+1F23 U+0300
η,U+0314U+0300U+0345,ᾓ,ᾓ,U+1F93
η,U+0314U+0345U+0345,ᾑͅ,ᾑͅ,U+1F91 U+0345
η,U+0301U+0301U+0301,ή́́,ή́́,U+03AE U+0301 U+0301
η,U+0301U+0301U+0342,ή́͂,ή́͂,U+03AE U+0301 U+0342
η,U+0301U+0301U+0300,ή́̀,ή́̀,U+03AE U+0301 U+0300
η,U+0301U+0301U+0345,ῄ́,ῄ́,U+1FC4 U+0301
η,U+0301U+0342U+0342,ή͂͂,ή͂͂,U+03AE U+0342 U+0342
η,U+0301U+0342U+0300,ή͂̀,ή͂̀,U+03AE U+0342 U+0300
η,U+0301U+0342U+0345,ῄ͂,ῄ͂,U+1FC4 U+0342
η,U+0301U+0300U+0300,ή̀̀,ή̀̀,U+03AE U+0300 U+0300
η,U+0301U+0300U+0345,ῄ̀,ῄ̀,U+1FC4 U+0300
η,U+0301U+0345U+0345,ῄͅ,ῄͅ,U+1FC4 U+0345
η,U+0342U+0342U+0342,ῆ͂͂,ῆ͂͂,U+1FC6 U+0342 U+0342
η,U+0342U+0342U+0300,ῆ͂̀,ῆ͂̀,U+1FC6 U+0342 U+0300
η,U+0342U+0342U+0345,ῇ͂,ῇ͂,U+1FC7 U+0342
η,U+0342U+0300U+0300,ῆ̀̀,ῆ̀̀,U+1FC6 U+0300 U+0300
η,U+0342U+0300U+0345,ῇ̀,ῇ̀,U+1FC7 U+0300
η,U+0342U+0345U+0345,ῇͅ,ῇͅ,U+1FC7 U+0345
η,U+0300U+0300U+0300,ὴ̀̀,ὴ̀̀,U+1F74 U+0300 U+0300
η,U+0300U+0300U+0345,ῂ̀,ῂ̀,U+1FC2 U+0300
η,U+0300U+0345U+0345,ῂͅ,ῂͅ,U+1FC2 U+0345
η,U+0345U+0345U+0345,ῃͅͅ,ῃͅͅ,U+1FC3 U+0345 U+0345
ι,U+0313,ἰ,ἰ,U+1F30
ι,U+0314,ἱ,ἱ,U+1F31
ι,U+0301,ί,ί,U+03AF
ι,U+0342,ῖ,ῖ,U+1FD6
ι,U+0300,ὶ,ὶ,U+1F76
ι,U+0345,ιͅ,ιͅ,U+03B9 U+0345
ι,U+0313U+0313,ἰ̓,ἰ̓,U+1F30 U+0313
ι,U+0313U+0314,ἰ̔,ἰ̔,U+1F30 U+0314
ι,U+0313U+0301,ἴ,ἴ,U+1F34
ι,U+0313U+0342,ἶ,ἶ,U+1F36
ι,U+0313U+0300,ἲ,ἲ,U+1F32
ι,U+0313U+0345,ἰͅ,ἰͅ,U+1F30 U+0345
ι,U+0314U+0314,ἱ̔,ἱ̔,U+1F31 U+0314
ι,U+0314U+0301,ἵ,ἵ,U+1F35
ι,U+0314U+0342,ἷ,ἷ,U+1F37
ι,U+0314U+0300,ἳ,ἳ,U+1F33
ι,U+0314U+0345,ἱͅ,ἱͅ,U+1F31 U+0345
ι,U+0301U+0301,ί́,ί́,U+03AF U+0301
ι,U+0301U+0342,ί͂,ί͂,U+03AF U+0342
ι,U+0301U+0300,ί̀,ί̀,U+03AF U+0300
ι,U+0301U+0345,ίͅ,ίͅ,U+03AF U+0345
ι,U+0342U+0342,ῖ͂,ῖ͂,U+1FD6 U+0342
ι,U+0342U+0300,ῖ̀,ῖ̀,U+1FD6 U+0300
ι,U+0342U+0345,ῖͅ,ῖͅ,U+1FD6 U+0345
ι,U+0300U+0300,ὶ̀,ὶ̀,U+1F76 U+0300
ι,U+0300U+0345,ὶͅ,ὶͅ,U+1F76 U+0345
ι,U+0345U+0345,ιͅͅ,ιͅͅ,U+03B9 U+0345 U+0345
ι,U+0313U+0313U+0313,ἰ̓̓,ἰ̓̓,U+1F30 U+0313 U+0313
ι,U+0313U+0313U+0314,ἰ̓̔,ἰ̓̔,U+1F30 U+0313 U+0314
ι,U+0313U+0313U+0301,ἰ̓́,ἰ̓́,U+1F30 U+0313 U+0301
ι,U+0313U+0313U+0342,ἰ̓͂,ἰ̓͂,U+1F30 U+0313 U+0342
ι,U+0313U+0313U+0300,ἰ̓̀,ἰ̓̀,U+1F30 U+0313 U+0300
ι,U+0313U+0313U+0345,ἰ̓ͅ,ἰ̓ͅ,U+1F30 U+0313 U+0345
ι,U+0313U+0314U+0314,ἰ̔̔,ἰ̔̔,U+1F30 U+0314 U+0314
ι,U+0313U+0314U+0301,ἰ̔́,ἰ̔́,U+1F30 U+0314 U+0301
ι,U+0313U+0314U+0342,ἰ̔͂,ἰ̔͂,U+1F30 U+0314 U+0342
ι,U+0313U+0314U+0300,ἰ̔̀,ἰ̔̀,U+1F30 U+0314 U+0300
ι,U+0313U+0314U+0345,ἰ̔ͅ,ἰ̔ͅ,U+1F30 U+0314 U+0345
ι,U+0313U+0301U+0301,ἴ́,ἴ́,U+1F34 U+0301
ι,U+0313U+0301U+0342,ἴ͂,ἴ͂,U+1F34 U+0342
ι,U+0313U+0301U+0300,ἴ̀,ἴ̀,U+1F34 U+0300
ι,U+0313U+0301U+0345,ἴͅ,ἴͅ,U+1F34 U+0345
ι,U+0313U+0342U+0342,ἶ͂,ἶ͂,U+1F36 U+0342
ι,U+0313U+0342U+0300,ἶ̀,ἶ̀,U+1F36 U+0300
ι,U+0313U+0342U+0345,ἶͅ,ἶͅ,U+1F36 U+0345
ι,U+0313U+0300U+0300,ἲ̀,ἲ̀,U+1F32 U+0300
ι,U+0313U+0300U+0345,ἲͅ,ἲͅ,U+1F32 U+0345
ι,U+0313U+0345U+0345,ἰͅͅ,ἰͅͅ,U+1F30 U+0345 U+0345
ι,U+0314U+0314U+0314,ἱ̔̔,ἱ̔̔,U+1F31 U+0314 U+0314
ι,U+0314U+0314U+0301,ἱ̔́,ἱ̔́,U+1F31 U+0314 U+0301
ι,U+0314U+0314U+0342,ἱ̔͂,ἱ̔͂,U+1F31 U+0314 U+0342
ι,U+0314U+0314U+0300,ἱ̔̀,ἱ̔̀,U+1F31 U+0314 U+0300
ι,U+0314U+0314U+0345,ἱ̔ͅ,ἱ̔ͅ,U+1F31 U+0314 U+0345
ι,U+0314U+0301U+0301,ἵ́,ἵ́,U+1F35 U+0301
ι,U+0314U+0301U+0342,ἵ͂,ἵ͂,U+1F35 U+0342
ι,U+0314U+0301U+0300,ἵ̀,ἵ̀,U+1F35 U+0300
ι,U+0314U+0301U+0345,ἵͅ,ἵͅ,U+1F35 U+0345
ι,U+0314U+0342U+0342,ἷ͂,ἷ͂,U+1F37 U+0342
ι,U+0314U+0342U+0300,ἷ̀,ἷ̀,U+1F37 U+0300
ι,U+0314U+0342U+0345,ἷͅ,ἷͅ,U+1F37 U+0345
ι,U+0314U+0300U+0300,ἳ̀,ἳ̀,U+1F33 U+0300
ι,U+0314U+0300U+0345,ἳͅ,ἳͅ,U+1F33 U+0345
ι,U+0314U+0345U+0345,ἱͅͅ,ἱͅͅ,U+1F31 U+0345 U+0345
ι,U+0301U+0301U+0301,ί́́,ί́́,U+03AF U+0301 U+0301
ι,U+0301U+0301U+0342,ί́͂,ί́͂,U+03AF U+0301 U+0342
ι,U+0301U+0301U+0300,ί́̀,ί́̀,U+03AF U+0301 U+0300
ι,U+0301U+0301U+0345,ί́ͅ,ί́ͅ,U+03AF U+0301 U+0345
ι,U+0301U+0342U+0342,ί͂͂,ί͂͂,U+03AF U+0342 U+0342
ι,U+0301U+0342U+0300,ί͂̀,ί͂̀,U+03AF U+0342 U+0300
ι,U+0301U+0342U+0345,ί͂ͅ,ί͂ͅ,U+03AF U+0342 U+0345
ι,U+0301U+0300U+0300,ί̀̀,ί̀̀,U+03AF U+0300 U+0300
ι,U+0301U+0300U+0345,ί̀ͅ,ί̀ͅ,U+03AF U+0300 U+0345
ι,U+0301U+0345U+0345,ίͅͅ,ίͅͅ,U+03AF U+0345 U+0345
ι,U+0342U+0342U+0342,ῖ͂͂,ῖ͂͂,U+1FD6 U+0342 U+0342
ι,U+0342U+0342U+0300,ῖ͂̀,ῖ͂̀,U+1FD6 U+0342 U+0300
ι,U+0342U+0342U+0345,ῖ͂ͅ,ῖ͂ͅ,U+1FD6 U+0342 U+0345
ι,U+0342U+0300U+0300,ῖ̀̀,ῖ̀̀,U+1FD6 U+0300 U+0300
ι,U+0342U+0300U+0345,ῖ̀ͅ,ῖ̀ͅ,U+1FD6 U+0300 U+0345
ι,U+0342U+0345U+0345,ῖͅͅ,ῖͅͅ,U+1FD6 U+0345 U+0345
ι,U+0300U+0300U+0300,ὶ̀̀,ὶ̀̀,U+1F76 U+0300 U+0300
ι,U+0300U+0300U+0345,ὶ̀ͅ,ὶ̀ͅ,U+1F76 U+0300 U+0345
ι,U+0300U+0345U+0345,ὶͅͅ,ὶͅͅ,U+1F76 U+0345 U+0345
ι,U+0345U+0345U+0345,ιͅͅͅ,ιͅͅͅ,U+03B9 U+0345 U+0345 U+0345
ο,U+0313,ὀ,ὀ,U+1F40
ο,U+0314,ὁ,ὁ,U+1F41
ο,U+0301,ό,ό,U+03CC
ο,U+0342,ο͂,ο͂,U+03BF U+0342
ο,U+0300,ὸ,ὸ,U+1F78
ο,U+0345,οͅ,οͅ,U+03BF U+0345
ο,U+0313U+0313,ὀ̓,ὀ̓,U+1F40 U+0313
ο,U+0313U+0314,ὀ̔,ὀ̔,U+1F40 U+0314
ο,U+0313U+0301,ὄ,ὄ,U+1F44
ο,U+0313U+0342,ὀ͂,ὀ͂,U+1F40 U+0342
ο,U+0313U+0300,ὂ,ὂ,U+1F42
ο,U+0313U+0345,ὀͅ,ὀͅ,U+1F40 U+0345
ο,U+0314U+0314,ὁ̔,ὁ̔,U+1F41 U+0314
ο,U+0314U+0301,ὅ,ὅ,U+1F45
ο,U+0314U+0342,ὁ͂,ὁ͂,U+1F41 U+0342
ο,U+0314U+0300,ὃ,ὃ,U+1F43
ο,U+0314U+0345,ὁͅ,ὁͅ,U+1F41 U+0345
ο,U+0301U+0301,ό́,ό́,U+03CC U+0301
ο,U+0301U+0342,ό͂,ό͂,U+03CC U+0342
ο,U+0301U+0300,ό̀,ό̀,U+03CC U+0300
ο,U+0301U+0345,όͅ,όͅ,U+03CC U+0345
ο,U+0342U+0342,ο͂͂,ο͂͂,U+03BF U+0342 U+0342
ο,U+0342U+0300,ο͂̀,ο͂̀,U+03BF U+0342 U+0300
ο,U+0342U+0345,ο͂ͅ,ο͂ͅ,U+03BF U+0342 U+0345
ο,U+0300U+0300,ὸ̀,ὸ̀,U+1F78 U+0300
ο,U+0300U+0345,ὸͅ,ὸͅ,U+1F78 U+0345
ο,U+0345U+0345,οͅͅ,οͅͅ,U+03BF U+0345 U+0345
ο,U+0313U+0313U+0313,ὀ̓̓,ὀ̓̓,U+1F40 U+0313 U+0313
ο,U+0313U+0313U+0314,ὀ̓̔,ὀ̓̔,U+1F40 U+0313 U+0314
ο,U+0313U+0313U+0301,ὀ̓́,ὀ̓́,U+1F40 U+0313 U+0301
ο,U+0313U+0313U+0342,ὀ̓͂,ὀ̓͂,U+1F40 U+0313 U+0342
ο,U+0313U+0313U+0300,ὀ̓̀,ὀ̓̀,U+1F40 U+0313 U+0300
ο,U+0313U+0313U+0345,ὀ̓ͅ,ὀ̓ͅ,U+1F40 U+0313 U+0345
ο,U+0313U+0314U+0314,ὀ̔̔,ὀ̔̔,U+1F40 U+0314 U+0314
ο,U+0313U+0314U+0301,ὀ̔́,ὀ̔́,U+1F40 U+0314 U+0301
ο,U+0313U+0314U+0342,ὀ̔͂,ὀ̔͂,U+1F40 U+0314 U+0342
ο,U+0313U+0314U+0300,ὀ̔̀,ὀ̔̀,U+1F40 U+0314 U+0300
ο,U+0313U+0314U+0345,ὀ̔ͅ,ὀ̔ͅ,U+1F40 U+0314 U+0345
ο,U+0313U+0301U+0301,ὄ́,ὄ́,U+1F44 U+0301
ο,U+0313U+0301U+0342,ὄ͂,ὄ͂,U+1F44 U+0342
ο,U+0313U+0301U+0300,ὄ̀,ὄ̀,U+1F44 U+0300
ο,U+0313U+0301U+0345,ὄͅ,ὄͅ,U+1F44 U+0345
ο,U+0313U+0342U+0342,ὀ͂͂,ὀ͂͂,U+1F40 U+0342 U+0342
ο,U+0313U+0342U+0300,ὀ͂̀,ὀ͂̀,U+1F40 U+0342 U+0300
ο,U+0313U+0342U+0345,ὀ͂ͅ,ὀ͂ͅ,U+1F40 U+0342 U+0345
ο,U+0313U+0300U+0300,ὂ̀,ὂ̀,U+1F42 U+0300
ο,U+0313U+0300U+0345,ὂͅ,ὂͅ,U+1F42 U+0345
ο,U+0313U+0345U+0345,ὀͅͅ,ὀͅͅ,U+1F40 U+0345 U+0345
ο,U+0314U+0314U+0314,ὁ̔̔,ὁ̔̔,U+1F41 U+0314 U+0314
ο,U+0314U+0314U+0301,ὁ̔́,ὁ̔́,U+1F41 U+0314 U+0301
ο,U+0314U+0314U+0342,ὁ̔͂,ὁ̔͂,U+1F41 U+0314 U+0342
ο,U+0314U+0314U+0300,ὁ̔̀,ὁ̔̀,U+1F41 U+0314 U+0300
ο,U+0314U+0314U+0345,ὁ̔ͅ,ὁ̔ͅ,U+1F41 U+0314 U+0345
ο,U+0314U+0301U+0301,ὅ́,ὅ́,U+1F45 U+0301
ο,U+0314U+0301U+0342,ὅ͂,ὅ͂,U+1F45 U+0342
ο,U+0314U+0301U+0300,ὅ̀,ὅ̀,U+1F45 U+0300
ο,U+0314U+0301U+0345,ὅͅ,ὅͅ,U+1F45 U+0345
ο,U+0314U+0342U+0342,ὁ͂͂,ὁ͂͂,U+1F41 U+0342 U+0342
ο,U+0314U+0342U+0300,ὁ͂̀,ὁ͂̀,U+1F41 U+0342 U+0300
ο,U+0314U+0342U+0345,ὁ͂ͅ,ὁ͂ͅ,U+1F41 U+0342 U+0345
ο,U+0314U+0300U+0300,ὃ̀,ὃ̀,U+1F43 U+0300
ο,U+0314U+0300U+0345,ὃͅ,ὃͅ,U+1F43 U+0345
ο,U+0314U+0345U+0345,ὁͅͅ,ὁͅͅ,U+1F41 U+0345 U+0345
ο,U+0301U+0301U+0301,ό́́,ό́́,U+03CC U+0301 U+0301
ο,U+0301U+0301U+0342,ό́͂,ό́͂,U+03CC U+0301 U+0342
ο,U+0301U+0301U+0300,ό́̀,ό́̀,U+03CC U+0301 U+0300
ο,U+0301U+0301U+0345,ό́ͅ,ό́ͅ,U+03CC U+0301 U+0345
ο,U+0301U+0342U+0342,ό͂͂,ό͂͂,U+03CC U+0342 U+0342
ο,U+0301U+0342U+0300,ό͂̀,ό͂̀,U+03CC U+0342 U+0300
ο,U+0301U+0342U+0345,ό͂ͅ,ό͂ͅ,U+03CC U+0342 U+0345
ο,U+0301U+0300U+0300,ό̀̀,ό̀̀,U+03CC U+0300 U+0300
ο,U+0301U+0300U+0345,ό̀ͅ,ό̀ͅ,U+03CC U+0300 U+0345
ο,U+0301U+0345U+0345,όͅͅ,όͅͅ,U+03CC U+0345 U+0345
ο,U+0342U+0342U+0342,ο͂͂͂,ο͂͂͂,U+03BF U+0342 U+0342 U+0342
ο,U+0342U+0342U+0300,ο͂͂̀,ο͂͂̀,U+03BF U+0342 U+0342 U+0300
ο,U+0342U+0342U+0345,ο͂͂ͅ,ο͂͂ͅ,U+03BF U+0342 U+0342 U+0345
ο,U+0342U+0300U+0300,ο͂̀̀,ο͂̀̀,U+03BF U+0342 U+0300 U+0300
ο,U+0342U+0300U+0345,ο͂̀ͅ,ο͂̀ͅ,U+03BF U+0342 U+0300 U+0345
ο,U+0342U+0345U+0345,ο͂ͅͅ,ο͂ͅͅ,U+03BF U+0342 U+0345 U+0345
ο,U+0300U+0300U+0300,ὸ̀̀,ὸ̀̀,U+1F78 U+0300 U+0300
ο,U+0300U+0300U+0345,ὸ̀ͅ,ὸ̀ͅ,U+1F78 U+0300 U+0345
ο,U+0300U+0345U+0345,ὸͅͅ,ὸͅͅ,U+1F78 U+0345 U+0345
ο,U+0345U+0345U+0345,οͅͅͅ,οͅͅͅ,U+03BF U+0345 U+0345 U+0345
υ,U+0313,ὐ,ὐ,U+1F50
υ,U+0314,ὑ,ὑ,U+1F51
υ,U+0301,ύ,ύ,U+03CD
υ,U+0342,ῦ,ῦ,U+1FE6
υ,U+0300,ὺ,ὺ,U+1F7A
υ,U+0345,υͅ,υͅ,U+03C5 U+0345
υ,U+0313U+0313,ὐ̓,ὐ̓,U+1F50 U+0313
υ,U+0313U+0314,ὐ̔,ὐ̔,U+1F50 U+0314
υ,U+0313U+0301,ὔ,ὔ,U+1F54
υ,U+0313U+0342,ὖ,ὖ,U+1F56
υ,U+0313U+0300,ὒ,ὒ,U+1F52
υ,U+0313U+0345,ὐͅ,ὐͅ,U+1F50 U+0345
υ,U+0314U+0314,ὑ̔,ὑ̔,U+1F51 U+0314
υ,U+0314U+0301,ὕ,ὕ,U+1F55
υ,U+0314U+0342,ὗ,ὗ,U+1F57
υ,U+0314U+0300,ὓ,ὓ,U+1F53
υ,U+0314U+0345,ὑͅ,ὑͅ,U+1F51 U+0345
υ,U+0301U+0301,ύ́,ύ́,U+03CD U+0301
υ,U+0301U+0342,ύ͂,ύ͂,U+03CD U+0342
υ,U+0301U+0300,ύ̀,ύ̀,U+03CD U+0300
υ,U+0301U+0345,ύͅ,ύͅ,U+03CD U+0345
υ,U+0342U+0342,ῦ͂,ῦ͂,U+1FE6 U+0342
υ,U+0342U+0300,ῦ̀,ῦ̀,U+1FE6 U+0300
υ,U+0342U+0345,ῦͅ,ῦͅ,U+1FE6 U+0345
υ,U+0300U+0300,ὺ̀,ὺ̀,U+1F7A U+0300
υ,U+0300U+0345,ὺͅ,ὺͅ,U+1F7A U+0345
υ,U+0345U+0345,υͅͅ,υͅͅ,U+03C5 U+0345 U+0345
υ,U+0313U+0313U+0313,ὐ̓̓,ὐ̓̓,U+1F50 U+0313 U+0313
υ,U+0313U+0313U+0314,ὐ̓̔,ὐ̓̔,U+1F50 U+0313 U+0314
υ,U+0313U+0313U+0301,ὐ̓́,ὐ̓́,U+1F50 U+0313 U+0301
υ,U+0313U+0313U+0342,ὐ̓͂,ὐ̓͂,U+1F50 U+0313 U+0342
υ,U+0313U+0313U+0300,ὐ̓̀,ὐ̓̀,U+1F50 U+0313 U+0300
υ,U+0313U+0313U+0345,ὐ̓ͅ,ὐ̓ͅ,U+1F50 U+0313 U+0345
υ,U+0313U+0314U+0314,ὐ̔̔,ὐ̔̔,U+1F50 U+0314 U+0314
υ,U+0313U+0314U+0301,ὐ̔́,ὐ̔́,U+1F50 U+0314 U+0301
υ,U+0313U+0314U+0342,ὐ̔͂,ὐ̔͂,U+1F50 U+0314 U+0342
υ,U+0313U+0314U+0300,ὐ̔̀,ὐ̔̀,U+1F50 U+0314 U+0300
υ,U+0313U+0314U+0345,ὐ̔ͅ,ὐ̔ͅ,U+1F50 U+0314 U+0345
υ,U+0313U+0301U+0301,ὔ́,ὔ́,U+1F54 U+0301
υ,U+0313U+0301U+0342,ὔ͂,ὔ͂,U+1F54 U+0342
υ,U+0313U+0301U+0300,ὔ̀,ὔ̀,U+1F54 U+0300
υ,U+0313U+0301U+0345,ὔͅ,ὔͅ,U+1F54 U+0345
υ,U+0313U+0342U+0342,ὖ͂,ὖ͂,U+1F56 U+0342
υ,U+0313U+0342U+0300,ὖ̀,ὖ̀,U+1F56 U+0300
υ,U+0313U+0342U+0345,ὖͅ,ὖͅ,U+1F56 U+0345
υ,U+0313U+0300U+0300,ὒ̀,ὒ̀,U+1F52 U+0300
υ,U+0313U+0300U+0345,ὒͅ,ὒͅ,U+1F52 U+0345
υ,U+0313U+0345U+0345,ὐͅͅ,ὐͅͅ,U+1F50 U+0345 U+0345
υ,U+0314U+0314U+0314,ὑ̔̔,ὑ̔̔,U+1F51 U+0314 U+0314
υ,U+0314U+0314U+0301,ὑ̔́,ὑ̔́,U+1F51 U+0314 U+0301
υ,U+0314U+0314U+0342,ὑ̔͂,ὑ̔͂,U+1F51 U+0314 U+0342
υ,U+0314U+0314U+0300,ὑ̔̀,ὑ̔̀,U+1F51 U+0314 U+0300
υ,U+0314U+0314U+0345,ὑ̔ͅ,ὑ̔ͅ,U+1F51 U+0314 U+0345
υ,U+0314U+0301U+0301,ὕ́,ὕ́,U+1F55 U+0301
υ,U+0314U+0301U+0342,ὕ͂,ὕ͂,U+1F55 U+0342
υ,U+0314U+0301U+0300,ὕ̀,ὕ̀,U+1F55 U+0300
υ,U+0314U+0301U+0345,ὕͅ,ὕͅ,U+1F55 U+0345
υ,U+0314U+0342U+0342,ὗ͂,ὗ͂,U+1F57 U+0342
υ,U+0314U+0342U+0300,ὗ̀,ὗ̀,U+1F57 U+0300
υ,U+0314U+0342U+0345,ὗͅ,ὗͅ,U+1F57 U+0345
υ,U+0314U+0300U+0300,ὓ̀,ὓ̀,U+1F53 U+0300
υ,U+0314U+0300U+0345,ὓͅ,ὓͅ,U+1F53 U+0345
υ,U+0314U+0345U+0345,ὑͅͅ,ὑͅͅ,U+1F51 U+0345 U+0345
υ,U+0301U+0301U+0301,ύ́́,ύ́́,U+03CD U+0301 U+0301
υ,U+0301U+0301U+0342,ύ́͂,ύ́͂,U+03CD U+0301 U+0342
υ,U+0301U+0301U+0300,ύ́̀,ύ́̀,U+03CD U+0301 U+0300
υ,U+0301U+0301U+0345,ύ́ͅ,ύ́ͅ,U+03CD U+0301 U+0345
υ,U+0301U+0342U+0342,ύ͂͂,ύ͂͂,U+03CD U+0342 U+0342
υ,U+0301U+0342U+0300,ύ͂̀,ύ͂̀,U+03CD U+0342 U+0300
υ,U+0301U+0342U+0345,ύ͂ͅ,ύ͂ͅ,U+03CD U+0342 U+0345
υ,U+0301U+0300U+0300,ύ̀̀,ύ̀̀,U+03CD U+0300 U+0300
υ,U+0301U+0300U+0345,ύ̀ͅ,ύ̀ͅ,U+03CD U+0300 U+0345
υ,U+0301U+0345U+0345,ύͅͅ,ύͅͅ,U+03CD U+0345 U+0345
υ,U+0342U+0342U+0342,ῦ͂͂,ῦ͂͂,U+1FE6 U+0342 U+0342
υ,U+0342U+0342U+0300,ῦ͂̀,ῦ͂̀,U+1FE6 U+0342 U+0300
υ,U+0342U+0342U+0345,ῦ͂ͅ,ῦ͂ͅ,U+1FE6 U+0342 U+0345
υ,U+0342U+0300U+0300,ῦ̀̀,ῦ̀̀,U+1FE6 U+0300 U+0300
υ,U+0342U+0300U+0345,ῦ̀ͅ,ῦ̀ͅ,U+1FE6 U+0300 U+0345
υ,U+0342U+0345U+0345,ῦͅͅ,ῦͅͅ,U+1FE6 U+0345 U+0345
υ,U+0300U+0300U+0300,ὺ̀̀,ὺ̀̀,U+1F7A U+0300 U+0300
υ,U+0300U+0300U+0345,ὺ̀ͅ,ὺ̀ͅ,U+1F7A U+0300 U+0345
υ,U+0300U+0345U+0345,ὺͅͅ,ὺͅͅ,U+1F7A U+0345 U+0345
υ,U+0345U+0345U+0345,υͅͅͅ,υͅͅͅ,U+03C5 U+0345 U+0345 U+0345
ω,U+0313,ὠ,ὠ,U+1F60
ω,U+0314,ὡ,ὡ,U+1F61
ω,U+0301,ώ,ώ,U+03CE
ω,U+0342,ῶ,ῶ,U+1FF6
ω,U+0300,ὼ,ὼ,U+1F7C
ω,U+0345,ῳ,ῳ,U+1FF3
ω,U+0313U+0313,ὠ̓,ὠ̓,U+1F60 U+0313
ω,U+0313U+0314,ὠ̔,ὠ̔,U+1F60 U+0314
ω,U+0313U+0301,ὤ,ὤ,U+1F64
ω,U+0313U+0342,ὦ,ὦ,U+1F66
ω,U+0313U+0300,ὢ,ὢ,U+1F62
ω,U+0313U+0345,ᾠ,ᾠ,U+1FA0
ω,U+0314U+0314,ὡ̔,ὡ̔,U+1F61 U+0314
ω,U+0314U+0301,ὥ,ὥ,U+1F65
ω,U+0314U+0342,ὧ,ὧ,U+1F67
ω,U+0314U+0300,ὣ,ὣ,U+1F63
ω,U+0314U+0345,ᾡ,ᾡ,U+1FA1
ω,U+0301U+0301,ώ́,ώ́,U+03CE U+0301
ω,U+0301U+0342,ώ͂,ώ͂,U+03CE U+0342
ω,U+0301U+0300,ώ̀,ώ̀,U+03CE U+0300
ω,U+0301U+0345,ῴ,ῴ,U+1FF4
ω,U+0342U+0342,ῶ͂,ῶ͂,U+1FF6 U+0342
ω,U+0342U+0300,ῶ̀,ῶ̀,U+1FF6 U+0300
ω,U+0342U+0345,ῷ,ῷ,U+1FF7
ω,U+0300U+0300,ὼ̀,ὼ̀,U+1F7C U+0300
ω,U+0300U+0345,ῲ,ῲ,U+1FF2
ω,U+0345U+0345,ῳͅ,ῳͅ,U+1FF3 U+0345
ω,U+0313U+0313U+0313,ὠ̓̓,ὠ̓̓,U+1F60 U+0313 U+0313
ω,U+0313U+0313U+0314,ὠ̓̔,ὠ̓̔,U+1F60 U+0313 U+0314
ω,U+0313U+0313U+0301,ὠ̓́,ὠ̓́,U+1F60 U+0313 U+0301
ω,U+0313U+0313U+0342,ὠ̓͂,ὠ̓͂,U+1F60 U+0313 U+0342
ω,U+0313U+0313U+0300,ὠ̓̀,ὠ̓̀,U+1F60 U+0313 U+0300
ω,U+0313U+0313U+0345,ᾠ̓,ᾠ̓,U+1FA0 U+0313
ω,U+0313U+0314U+0314,ὠ̔̔,ὠ̔̔,U+1F60 U+0314 U+0314
ω,U+0313U+0314U+0301,ὠ̔́,ὠ̔́,U+1F60 U+0314 U+0301
ω,U+0313U+0314U+0342,ὠ̔͂,ὠ̔͂,U+1F60 U+0314 U+0342
ω,U+0313U+0314U+0300,ὠ̔̀,ὠ̔̀,U+1F60 U+0314 U+0300
ω,U+0313U+0314U+0345,ᾠ̔,ᾠ̔,U+1FA0 U+0314
ω,U+0313U+0301U+0301,ὤ́,ὤ́,U+1F64 U+0301
ω,U+0313U+0301U+0342,ὤ͂,ὤ͂,U+1F64 U+0342
ω,U+0313U+0301U+0300,ὤ̀,ὤ̀,U+1F64 U+0300
ω,U+0313U+0301U+0345,ᾤ,ᾤ,U+1FA4
ω,U+0313U+0342U+0342,ὦ͂,ὦ͂,U+1F66 U+0342
ω,U+0313U+0342U+0300,ὦ̀,ὦ̀,U+1F66 U+0300
ω,U+0313U+0342U+0345,ᾦ,ᾦ,U+1FA6
ω,U+0313U+0300U+0300,ὢ̀,ὢ̀,U+1F62 U+0300
ω,U+0313U+0300U+0345,ᾢ,ᾢ,U+1FA2
ω,U+0313U+0345U+0345,ᾠͅ,ᾠͅ,U+1FA0 U+0345
ω,U+0314U+0314U+0314,ὡ̔̔,ὡ̔̔,U+1F61 U+0314 U+0314
ω,U+0314U+0314U+0301,ὡ̔́,ὡ̔́,U+1F61 U+0314 U+0301
ω,U+0314U+0314U+0342,ὡ̔͂,ὡ̔͂,U+1F61 U+0314 U+0342
ω,U+0314U+0314U+0300,ὡ̔̀,ὡ̔̀,U+1F61 U+0314 U+0300
ω,U+0314U+0314U+0345,ᾡ̔,ᾡ̔,U+1FA1 U+0314
ω,U+0314U+0301U+0301,ὥ́,ὥ́,U+1F65 U+0301
ω,U+0314U+0301U+0342,ὥ͂,ὥ͂,U+1F65 U+0342
ω,U+0314U+0301U+0300,ὥ̀,ὥ̀,U+1F65 U+0300
ω,U+0314U+0301U+0345,ᾥ,ᾥ,U+1FA5
ω,U+0314U+0342U+0342,ὧ͂,ὧ͂,U+1F67 U+0342
ω,U+0314U+0342U+0300,ὧ̀,ὧ̀,U+1F67 U+0300
ω,U+0314U+0342U+0345,ᾧ,ᾧ,U+1FA7
ω,U+0314U+0300U+0300,ὣ̀,ὣ̀,U+1F63 U+0300
ω,U+0314U+0300U+0345,ᾣ,ᾣ,U+1FA3
ω,U+0314U+0345U+0345,ᾡͅ,ᾡͅ,U+1FA1 U+0345
ω,U+0301U+0301U+0301,ώ́́,ώ́́,U+03CE U+0301 U+0301
ω,U+0301U+0301U+0342,ώ́͂,ώ́͂,U+03CE U+0301 U+0342
ω,U+0301U+0301U+0300,ώ́̀,ώ́̀,U+03CE U+0301 U+0300
ω,U+0301U+0301U+0345,ῴ́,ῴ́,U+1FF4 U+0301
ω,U+0301U+0342U+0342,ώ͂͂,ώ͂͂,U+03CE U+0342 U+0342
ω,U+0301U+0342U+0300,ώ͂̀,ώ͂̀,U+03CE U+0342 U+0300
ω,U+0301U+0342U+0345,ῴ͂,ῴ͂,U+1FF4 U+0342
ω,U+0301U+0300U+0300,ώ̀̀,ώ̀̀,U+03CE U+0300 U+0300
ω,U+0301U+0300U+0345,ῴ̀,ῴ̀,U+1FF4 U+0300
ω,U+0301U+0345U+0345,ῴͅ,ῴͅ,U+1FF4 U+0345
ω,U+0342U+0342U+0342,ῶ͂͂,ῶ͂͂,U+1FF6 U+0342 U+0342
ω,U+0342U+0342U+0300,ῶ͂̀,ῶ͂̀,U+1FF6 U+0342 U+0300
ω,U+0342U+0342U+0345,ῷ͂,ῷ͂,U+1FF7 U+0342
ω,U+0342U+0300U+0300,ῶ̀̀,ῶ̀̀,U+1FF6 U+0300 U+0300
ω,U+0342U+0300U+0345,ῷ̀,ῷ̀,U+1FF7 U+0300
ω,U+0342U+0345U+0345,ῷͅ,ῷͅ,U+1FF7 U+0345
ω,U+0300U+0300U+0300,ὼ̀̀,ὼ̀̀,U+1F7C U+0300 U+0300
ω,U+0300U+0300U+0345,ῲ̀,ῲ̀,U+1FF2 U+0300
ω,U+0300U+0345U+0345,ῲͅ,ῲͅ,U+1FF2 U+0345
ω,U+0345U+0345U+0345,ῳͅͅ,ῳͅͅ,U+1FF3 U+0345 U+0345
Α,U+0313,Ἀ,Ἀ,U+1F08
Α,U+0314,Ἁ,Ἁ,U+1F09
Α,U+0301,Ά,Ά,U+0386
Α,U+0342,Α͂,Α͂,U+0391 U+0342
Α,U+0300,Ὰ,Ὰ,U+1FBA
Α,U+0345,ᾼ,ᾼ,U+1FBC
Α,U+0313U+0313,Ἀ̓,Ἀ̓,U+1F08 U+0313
Α,U+0313U+0314,Ἀ̔,Ἀ̔,U+1F08 U+0314
Α,U+0313U+0301,Ἄ,Ἄ,U+1F0C
Α,U+0313U+0342,Ἆ,Ἆ,U+1F0E
Α,U+0313U+0300,Ἂ,Ἂ,U+1F0A
Α,U+0313U+0345,ᾈ,ᾈ,U+1F88
Α,U+0314U+0314,Ἁ̔,Ἁ̔,U+1F09 U+0314
Α,U+0314U+0301,Ἅ,Ἅ,U+1F0D
Α,U+0314U+0342,Ἇ,Ἇ,U+1F0F
Α,U+0314U+0300,Ἃ,Ἃ,U+1F0B
Α,U+0314U+0345,ᾉ,ᾉ,U+1F89
Α,U+0301U+0301,Ά́,Ά́,U+0386 U+0301
Α,U+0301U+0342,Ά͂,Ά͂,U+0386 U+0342
Α,U+0301U+0300,Ά̀,Ά̀,U+0386 U+0300
Α,U+0301U+0345,Άͅ,Άͅ,U+0386 U+0345
Α,U+0342U+0342,Α͂͂,Α͂͂,U+0391 U+0342 U+0342
Α,U+0342U+0300,Α͂̀,Α͂̀,U+0391 U+0342 U+0300
Α,U+0342U+0345,ᾼ͂,ᾼ͂,U+1FBC U+0342
Α,U+0300U+0300,Ὰ̀,Ὰ̀,U+1FBA U+0300
Α,U+0300U+0345,Ὰͅ,Ὰͅ,U+1FBA U+0345
Α,U+0345U+0345,ᾼͅ,ᾼͅ,U+1FBC U+0345
Α,U+0313U+0313U+0313,Ἀ̓̓,Ἀ̓̓,U+1F08 U+0313 U+0313
Α,U+0313U+0313U+0314,Ἀ̓̔,Ἀ̓̔,U+1F08 U+0313 U+0314
Α,U+0313U+0313U+0301,Ἀ̓́,Ἀ̓́,U+1F08 U+0313 U+0301
Α,U+0313U+0313U+0342,Ἀ̓͂,Ἀ̓͂,U+1F08 U+0313 U+0342
Α,U+0313U+0313U+0300,Ἀ̓̀,Ἀ̓̀,U+1F08 U+0313 U+0300
Α,U+0313U+0313U+0345,ᾈ̓,ᾈ̓,U+1F88 U+0313
Α,U+0313U+0314U+0314,Ἀ̔̔,Ἀ̔̔,U+1F08 U+0314 U+0314
Α,U+0313U+0314U+0301,Ἀ̔́,Ἀ̔́,U+1F08 U+0314 U+0301
Α,U+0313U+0314U+0342,Ἀ̔͂,Ἀ̔͂,U+1F08 U+0314 U+0342
Α,U+0313U+0314U+0300,Ἀ̔̀,Ἀ̔̀,U+1F08 U+0314 U+0300
Α,U+0313U+0314U+0345,ᾈ̔,ᾈ̔,U+1F88 U+0314
Α,U+0313U+0301U+0301,Ἄ́,Ἄ́,U+1F0C U+0301
Α,U+0313U+0301U+0342,Ἄ͂,Ἄ͂,U+1F0C U+0342
Α,U+0313U+0301U+0300,Ἄ̀,Ἄ̀,U+1F0C U+0300
Α,U+0313U+0301U+0345,ᾌ,ᾌ,U+1F8C
Α,U+0313U+0342U+0342,Ἆ͂,Ἆ͂,U+1F0E U+0342
Α,U+0313U+0342U+0300,Ἆ̀,Ἆ̀,U+1F0E U+0300
Α,U+0313U+0342U+0345,ᾎ,ᾎ,U+1F8E
Α,U+0313U+0300U+0300,Ἂ̀,Ἂ̀,U+1F0A U+0300
Α,U+0313U+0300U+0345,ᾊ,ᾊ,U+1F8A
Α,U+0313U+0345U+0345,ᾈͅ,ᾈͅ,U+1F88 U+0345
Α,U+0314U+0314U+0314,Ἁ̔̔,Ἁ̔̔,U+1F09 U+0314 U+0314
Α,U+0314U+0314U+0301,Ἁ̔́,Ἁ̔́,U+1F09 U+0314 U+0301
Α,U+0314U+0314U+0342,Ἁ̔͂,Ἁ̔͂,U+1F09 U+0314 U+0342
Α,U+0314U+0314U+0300,Ἁ̔̀,Ἁ̔̀,U+1F09 U+0314 U+0300
Α,U+0314U+0314U+0345,ᾉ̔,ᾉ̔,U+1F89 U+0314
Α,U+0314U+0301U+0301,Ἅ́,Ἅ́,U+1F0D U+0301
Α,U+0314U+0301U+0342,Ἅ͂,Ἅ͂,U+1F0D U+0342
Α,U+0314U+0301U+0300,Ἅ̀,Ἅ̀,U+1F0D U+0300
Α,U+0314U+0301U+0345,ᾍ,ᾍ,U+1F8D
Α,U+0314U+0342U+0342,Ἇ͂,Ἇ͂,U+1F0F U+0342
Α,U+0314U+0342U+0300,Ἇ̀,Ἇ̀,U+1F0F U+0300
Α,U+0314U+0342U+0345,ᾏ,ᾏ,U+1F8F
Α,U+0314U+0300U+0300,Ἃ̀,Ἃ̀,U+1F0B U+0300
Α,U+0314U+0300U+0345,ᾋ,ᾋ,U+1F8B
Α,U+0314U+0345U+0345,ᾉͅ,ᾉͅ,U+1F89 U+0345
Α,U+0301U+0301U+0301,Ά́́,Ά́́,U+0386 U+0301 U+0301
Α,U+0301U+0301U+0342,Ά́͂,Ά́͂,U+0386 U+0301 U+0342
Α,U+0301U+0301U+0300,Ά́̀,Ά́̀,U+0386 U+0301 U+0300
Α,U+0301U+0301U+0345,Ά́ͅ,Ά́ͅ,U+0386 U+0301 U+0345
Α,U+0301U+0342U+0342,Ά͂͂,Ά͂͂,U+0386 U+0342 U+0342
Α,U+0301U+0342U+0300,Ά͂̀,Ά͂̀,U+0386 U+0342 U+0300
Α,U+0301U+0342U+0345,Ά͂ͅ,Ά͂ͅ,U+0386 U+0342 U+0345
Α,U+0301U+0300U+0300,Ά̀̀,Ά̀̀,U+0386 U+0300 U+0300
Α,U+0301U+0300U+0345,Ά̀ͅ,Ά̀ͅ,U+0386 U+0300 U+0345
Α,U+0301U+0345U+0345,Άͅͅ,Άͅͅ,U+0386 U+0345 U+0345
Α,U+0342U+0342U+0342,Α͂͂͂,Α͂͂͂,U+0391 U+0342 U+0342 U+0342
Α,U+0342U+0342U+0300,Α͂͂̀,Α͂͂̀,U+0391 U+0342 U+0342 U+0300
Α,U+0342U+0342U+0345,ᾼ͂͂,ᾼ͂͂,U+1FBC U+0342 U+0342
Α,U+0342U+0300U+0300,Α͂̀̀,Α͂̀̀,U+0391 U+0342 U+0300 U+0300
Α,U+0342U+0300U+0345,ᾼ͂̀,ᾼ͂̀,U+1FBC U+0342 U+0300
Α,U+0342U+0345U+0345,ᾼ͂ͅ,ᾼ͂ͅ,U+1FBC U+0342 U+0345
Α,U+0300U+0300U+0300,Ὰ̀̀,Ὰ̀̀,U+1FBA U+0300 U+0300
Α,U+0300U+0300U+0345,Ὰ̀ͅ,Ὰ̀ͅ,U+1FBA U+0300 U+0345
Α,U+0300U+0345U+0345,Ὰͅͅ,Ὰͅͅ,U+1FBA U+0345 U+0345
Α,U+0345U+0345U+0345,ᾼͅͅ,ᾼͅͅ,U+1FBC U+0345 U+0345
Ε,U+0313,Ἐ,Ἐ,U+1F18
Ε,U+0314,Ἑ,Ἑ,U+1F19
Ε,U+0301,Έ,Έ,U+0388
Ε,U+0342,Ε͂,Ε͂,U+0395 U+0342
Ε,U+0300,Ὲ,Ὲ,U+1FC8
Ε,U+0345,Εͅ,Εͅ,U+0395 U+0345
Ε,U+0313U+0313,Ἐ̓,Ἐ̓,U+1F18 U+0313
Ε,U+0313U+0314,Ἐ̔,Ἐ̔,U+1F18 U+0314
Ε,U+0313U+0301,Ἔ,Ἔ,U+1F1C
Ε,U+0313U+0342,Ἐ͂,Ἐ͂,U+1F18 U+0342
Ε,U+0313U+0300,Ἒ,Ἒ,U+1F1A
Ε,U+0313U+0345,Ἐͅ,Ἐͅ,U+1F18 U+0345
Ε,U+0314U+0314,Ἑ̔,Ἑ̔,U+1F19 U+0314
Ε,U+0314U+0301,Ἕ,Ἕ,U+1F1D
Ε,U+0314U+0342,Ἑ͂,Ἑ͂,U+1F19 U+0342
Ε,U+0314U+0300,Ἓ,Ἓ,U+1F1B
Ε,U+0314U+0345,Ἑͅ,Ἑͅ,U+1F19 U+0345
Ε,U+0301U+0301,Έ́,Έ́,U+0388 U+0301
Ε,U+0301U+0342,Έ͂,Έ͂,U+0388 U+0342
Ε,U+0301U+0300,Έ̀,Έ̀,U+0388 U+0300
Ε,U+0301U+0345,Έͅ,Έͅ,U+0388 U+0345
Ε,U+0342U+0342,Ε͂͂,Ε͂͂,U+0395 U+0342 U+0342
Ε,U+0342U+0300,Ε͂̀,Ε͂̀,U+0395 U+0342 U+0300
Ε,U+0342U+0345,Ε͂ͅ,Ε͂ͅ,U+0395 U+0342 U+0345
Ε,U+0300U+0300,Ὲ̀,Ὲ̀,U+1FC8 U+0300
Ε,U+0300U+0345,Ὲͅ,Ὲͅ,U+1FC8 U+0345
Ε,U+0345U+0345,Εͅͅ,Εͅͅ,U+0395 U+0345 U+0345
Ε,U+0313U+0313U+0313,Ἐ̓̓,Ἐ̓̓,U+1F18 U+0313 U+0313
Ε,U+0313U+0313U+0314,Ἐ̓̔,Ἐ̓̔,U+1F18 U+0313 U+0314
Ε,U+0313U+0313U+0301,Ἐ̓́,Ἐ̓́,U+1F18 U+0313 U+0301
Ε,U+0313U+0313U+0342,Ἐ̓͂,Ἐ̓͂,U+1F18 U+0313 U+0342
Ε,U+0313U+0313U+0300,Ἐ̓̀,Ἐ̓̀,U+1F18 U+0313 U+0300
Ε,U+0313U+0313U+0345,Ἐ̓ͅ,Ἐ̓ͅ,U+1F18 U+0313 U+0345
Ε,U+0313U+0314U+0314,Ἐ̔̔,Ἐ̔̔,U+1F18 U+0314 U+0314
Ε,U+0313U+0314U+0301,Ἐ̔́,Ἐ̔́,U+1F18 U+0314 U+0301
Ε,U+0313U+0314U+0342,Ἐ̔͂,Ἐ̔͂,U+1F18 U+0314 U+0342
Ε,U+0313U+0314U+0300,Ἐ̔̀,Ἐ̔̀,U+1F18 U+0314 U+0300
Ε,U+0313U+0314U+0345,Ἐ̔ͅ,Ἐ̔ͅ,U+1F18 U+0314 U+0345
Ε,U+0313U+0301U+0301,Ἔ́,Ἔ́,U+1F1C U+0301
Ε,U+0313U+0301U+0342,Ἔ͂,Ἔ͂,U+1F1C U+0342
Ε,U+0313U+0301U+0300,Ἔ̀,Ἔ̀,U+1F1C U+0300
Ε,U+0313U+0301U+0345,Ἔͅ,Ἔͅ,U+1F1C U+0345
Ε,U+0313U+0342U+0342,Ἐ͂͂,Ἐ͂͂,U+1F18 U+0342 U+0342
Ε,U+0313U+0342U+0300,Ἐ͂̀,Ἐ͂̀,U+1F18 U+0342 U+0300
Ε,U+0313U+0342U+0345,Ἐ͂ͅ,Ἐ͂ͅ,U+1F18 U+0342 U+0345
Ε,U+0313U+0300U+0300,Ἒ̀,Ἒ̀,U+1F1A U+0300
Ε,U+0313U+0300U+0345,Ἒͅ,Ἒͅ,U+1F1A U+0345
Ε,U+0313U+0345U+0345,Ἐͅͅ,Ἐͅͅ,U+1F18 U+0345 U+0345
Ε,U+0314U+0314U+0314,Ἑ̔̔,Ἑ̔̔,U+1F19 U+0314 U+0314
Ε,U+0314U+0314U+0301,Ἑ̔́,Ἑ̔́,U+1F19 U+0314 U+0301
Ε,U+0314U+0314U+0342,Ἑ̔͂,Ἑ̔͂,U+1F19 U+0314 U+0342
Ε,U+0314U+0314U+0300,Ἑ̔̀,Ἑ̔̀,U+1F19 U+0314 U+0300
Ε,U+0314U+0314U+0345,Ἑ̔ͅ,Ἑ̔ͅ,U+1F19 U+0314 U+0345
Ε,U+0314U+0301U+0301,Ἕ́,Ἕ́,U+1F1D U+0301
Ε,U+0314U+0301U+0342,Ἕ͂,Ἕ͂,U+1F1D U+0342
Ε,U+0314U+0301U+0300,Ἕ̀,Ἕ̀,U+1F1D U+0300
Ε,U+0314U+0301U+0345,Ἕͅ,Ἕͅ,U+1F1D U+0345
Ε,U+0314U+0342U+0342,Ἑ͂͂,Ἑ͂͂,U+1F19 U+0342 U+0342
Ε,U+0314U+0342U+0300,Ἑ͂̀,Ἑ͂̀,U+1F19 U+0342 U+0300
Ε,U+0314U+0342U+0345,Ἑ͂ͅ,Ἑ͂ͅ,U+1F19 U+0342 U+0345
Ε,U+0314U+0300U+0300,Ἓ̀,Ἓ̀,U+1F1B U+0300
Ε,U+0314U+0300U+0345,Ἓͅ,Ἓͅ,U+1F1B U+0345
Ε,U+0314U+0345U+0345,Ἑͅͅ,Ἑͅͅ,U+1F19 U+0345 U+0345
Ε,U+0301U+0301U+0301,Έ́́,Έ́́,U+0388 U+0301 U+0301
Ε,U+0301U+0301U+0342,Έ́͂,Έ́͂,U+0388 U+0301 U+0342
Ε,U+0301U+0301U+0300,Έ́̀,Έ́̀,U+0388 U+0301 U+0300
Ε,U+0301U+0301U+0345,Έ́ͅ,Έ́ͅ,U+0388 U+0301 U+0345
Ε,U+0301U+0342U+0342,Έ͂͂,Έ͂͂,U+0388 U+0342 U+0342
Ε,U+0301U+0342U+0300,Έ͂̀,Έ͂̀,U+0388 U+0342 U+0300
Ε,U+0301U+0342U+0345,Έ͂ͅ,Έ͂ͅ,U+0388 U+0342 U+0345
Ε,U+0301U+0300U+0300,Έ̀̀,Έ̀̀,U+0388 U+0300 U+0300
Ε,U+0301U+0300U+0345,Έ̀ͅ,Έ̀ͅ,U+0388 U+0300 U+0345
Ε,U+0301U+0345U+0345,Έͅͅ,Έͅͅ,U+0388 U+0345 U+0345
Ε,U+0342U+0342U+0342,Ε͂͂͂,Ε͂͂͂,U+0395 U+0342 U+0342 U+0342
Ε,U+0342U+0342U+0300,Ε͂͂̀,Ε͂͂̀,U+0395 U+0342 U+0342 U+0300
Ε,U+0342U+0342U+0345,Ε͂͂ͅ,Ε͂͂ͅ,U+0395 U+0342 U+0342 U+0345
Ε,U+0342U+0300U+0300,Ε͂̀̀,Ε͂̀̀,U+0395 U+0342 U+0300 U+0300
Ε,U+0342U+0300U+0345,Ε͂̀ͅ,Ε͂̀ͅ,U+0395 U+0342 U+0300 U+0345
Ε,U+0342U+0345U+0345,Ε͂ͅͅ,Ε͂ͅͅ,U+0395 U+0342 U+0345 U+0345
Ε,U+0300U+0300U+0300,Ὲ̀̀,Ὲ̀̀,U+1FC8 U+0300 U+0300
Ε,U+0300U+0300U+0345,Ὲ̀ͅ,Ὲ̀ͅ,U+1FC8 U+0300 U+0345
Ε,U+0300U+0345U+0345,Ὲͅͅ,Ὲͅͅ,U+1FC8 U+0345 U+0345
Ε,U+0345U+0345U+0345,Εͅͅͅ,Εͅͅͅ,U+0395 U+0345 U+0345 U+0345
Η,U+0313,Ἠ,Ἠ,U+1F28
Η,U+0314,Ἡ,Ἡ,U+1F29
Η,U+0301,Ή,Ή,U+0389
Η,U+0342,Η͂,Η͂,U+0397 U+0342
Η,U+0300,Ὴ,Ὴ,U+1FCA
Η,U+0345,ῌ,ῌ,U+1FCC
Η,U+0313U+0313,Ἠ̓,Ἠ̓,U+1F28 U+0313
Η,U+0313U+0314,Ἠ̔,Ἠ̔,U+1F28 U+0314
Η,U+0313U+0301,Ἤ,Ἤ,U+1F2C
Η,U+0313U+0342,Ἦ,Ἦ,U+1F2E
Η,U+0313U+0300,Ἢ,Ἢ,U+1F2A
Η,U+0313U+0345,ᾘ,ᾘ,U+1F98
Η,U+0314U+0314,Ἡ̔,Ἡ̔,U+1F29 U+0314
Η,U+0314U+0301,Ἥ,Ἥ,U+1F2D
Η,U+0314U+0342,Ἧ,Ἧ,U+1F2F
Η,U+0314U+0300,Ἣ,Ἣ,U+1F2B
Η,U+0314U+0345,ᾙ,ᾙ,U+1F99
Η,U+0301U+0301,Ή́,Ή́,U+0389 U+0301
Η,U+0301U+0342,Ή͂,Ή͂,U+0389 U+0342
Η,U+0301U+0300,Ή̀,Ή̀,U+0389 U+0300
Η,U+0301U+0345,Ήͅ,Ήͅ,U+0389 U+0345
Η,U+0342U+0342,Η͂͂,Η͂͂,U+0397 U+0342 U+0342
Η,U+0342U+0300,Η͂̀,Η͂̀,U+0397 U+0342 U+0300
Η,U+0342U+0345,ῌ͂,ῌ͂,U+1FCC U+0342
Η,U+0300U+0300,Ὴ̀,Ὴ̀,U+1FCA U+0300
Η,U+0300U+0345,Ὴͅ,Ὴͅ,U+1FCA U+0345
Η,U+0345U+0345,ῌͅ,ῌͅ,U+1FCC U+0345
Η,U+0313U+0313U+0313,Ἠ̓̓,Ἠ̓̓,U+1F28 U+0313 U+0313
Η,U+0313U+0313U+0314,Ἠ̓̔,Ἠ̓̔,U+1F28 U+0313 U+0314
Η,U+0313U+0313U+0301,Ἠ̓́,Ἠ̓́,U+1F28 U+0313 U+0301
Η,U+0313U+0313U+0342,Ἠ̓͂,Ἠ̓͂,U+1F28 U+0313 U+0342
Η,U+0313U+0313U+0300,Ἠ̓̀,Ἠ̓̀,U+1F28 U+0313 U+0300
Η,U+0313U+0313U+0345,ᾘ̓,ᾘ̓,U+1F98 U+0313
Η,U+0313U+0314U+0314,Ἠ̔̔,Ἠ̔̔,U+1F28 U+0314 U+0314
Η,U+0313U+0314U+0301,Ἠ̔́,Ἠ̔́,U+1F28 U+0314 U+0301
Η,U+0313U+0314U+0342,Ἠ̔͂,Ἠ̔͂,U+1F28 U+0314 U+0342
Η,U+0313U+0314U+0300,Ἠ̔̀,Ἠ̔̀,U+1F28 U+0314 U+0300
Η,U+0313U+0314U+0345,ᾘ̔,ᾘ̔,U+1F98 U+0314
Η,U+0313U+0301U+0301,Ἤ́,Ἤ́,U+1F2C U+0301
Η,U+0313U+0301U+0342,Ἤ͂,Ἤ͂,U+1F2C U+0342
Η,U+0313U+0301U+0300,Ἤ̀,Ἤ̀,U+1F2C U+0300
Η,U+0313U+0301U+0345,ᾜ,ᾜ,U+1F9C
Η,U+0313U+0342U+0342,Ἦ͂,Ἦ͂,U+1F2E U+0342
Η,U+0313U+0342U+0300,Ἦ̀,Ἦ̀,U+1F2E U+0300
Η,U+0313U+0342U+0345,ᾞ,ᾞ,U+1F9E
Η,U+0313U+0300U+0300,Ἢ̀,Ἢ̀,U+1F2A U+0300
Η,U+0313U+0300U+0345,ᾚ,ᾚ,U+1F9A
Η,U+0313U+0345U+0345,ᾘͅ,ᾘͅ,U+1F98 U+0345
Η,U+0314U+0314U+0314,Ἡ̔̔,Ἡ̔̔,U+1F29 U+0314 U+0314
Η,U+0314U+0314U+0301,Ἡ̔́,Ἡ̔́,U+1F29 U+0314 U+0301
Η,U+0314U+0314U+0342,Ἡ̔͂,Ἡ̔͂,U+1F29 U+0314 U+0342
Η,U+0314U+0314U+0300,Ἡ̔̀,Ἡ̔̀,U+1F29 U+0314 U+0300
Η,U+0314U+0314U+0345,ᾙ̔,ᾙ̔,U+1F99 U+0314
Η,U+0314U+0301U+0301,Ἥ́,Ἥ́,U+1F2D U+0301
Η,U+0314U+0301U+0342,Ἥ͂,Ἥ͂,U+1F2D U+0342
Η,U+0314U+0301U+0300,Ἥ̀,Ἥ̀,U+1F2D U+0300
Η,U+0314U+0301U+0345,ᾝ,ᾝ,U+1F9D
Η,U+0314U+0342U+0342,Ἧ͂,Ἧ͂,U+1F2F U+0342
Η,U+0314U+0342U+0300,Ἧ̀,Ἧ̀,U+1F2F U+0300
Η,U+0314U+0342U+0345,ᾟ,ᾟ,U+1F9F
Η,U+0314U+0300U+0300,Ἣ̀,Ἣ̀,U+1F2B U+0300
Η,U+0314U+0300U+0345,ᾛ,ᾛ,U+1F9B
Η,U+0314U+0345U+0345,ᾙͅ,ᾙͅ,U+1F99 U+0345
Η,U+0301U+0301U+0301,Ή́́,Ή́́,U+0389 U+0301 U+0301
Η,U+0301U+0301U+0342,Ή́͂,Ή́͂,U+0389 U+0301 U+0342
Η,U+0301U+0301U+0300,Ή́̀,Ή́̀,U+0389 U+0301 U+0300
Η,U+0301U+0301U+0345,Ή́ͅ,Ή́ͅ,U+0389 U+0301 U+0345
Η,U+0301U+0342U+0342,Ή͂͂,Ή͂͂,U+0389 U+0342 U+0342
Η,U+0301U+0342U+0300,Ή͂̀,Ή͂̀,U+0389 U+0342 U+0300
Η,U+0301U+0342U+0345,Ή͂ͅ,Ή͂ͅ,U+0389 U+0342 U+0345
Η,U+0301U+0300U+0300,Ή̀̀,Ή̀̀,U+0389 U+0300 U+0300
Η,U+0301U+0300U+0345,Ή̀ͅ,Ή̀ͅ,U+0389 U+0300 U+0345
Η,U+0301U+0345U+0345,Ήͅͅ,Ήͅͅ,U+0389 U+0345 U+0345
Η,U+0342U+0342U+0342,Η͂͂͂,Η͂͂͂,U+0397 U+0342 U+0342 U+0342
Η,U+0342U+0342U+0300,Η͂͂̀,Η͂͂̀,U+0397 U+0342 U+0342 U+0300
Η,U+0342U+0342U+0345,ῌ͂͂,ῌ͂͂,U+1FCC U+0342 U+0342
Η,U+0342U+0300U+0300,Η͂̀̀,Η͂̀̀,U+0397 U+0342 U+0300 U+0300
Η,U+0342U+0300U+0345,ῌ͂̀,ῌ͂̀,U+1FCC U+0342 U+0300
Η,U+0342U+0345U+0345,ῌ͂ͅ,ῌ͂ͅ,U+1FCC U+0342 U+0345
Η,U+0300U+0300U+0300,Ὴ̀̀,Ὴ̀̀,U+1FCA U+0300 U+0300
Η,U+0300U+0300U+0345,Ὴ̀ͅ,Ὴ̀ͅ,U+1FCA U+0300 U+0345
Η,U+0300U+0345U+0345,Ὴͅͅ,Ὴͅͅ,U+1FCA U+0345 U+0345
Η,U+0345U+0345U+0345,ῌͅͅ,ῌͅͅ,U+1FCC U+0345 U+0345
Ι,U+0313,Ἰ,Ἰ,U+1F38
Ι,U+0314,Ἱ,Ἱ,U+1F39
Ι,U+0301,Ί,Ί,U+038A
Ι,U+0342,Ι͂,Ι͂,U+0399 U+0342
Ι,U+0300,Ὶ,Ὶ,U+1FDA
Ι,U+0345,Ιͅ,Ιͅ,U+0399 U+0345
Ι,U+0313U+0313,Ἰ̓,Ἰ̓,U+1F38 U+0313
Ι,U+0313U+0314,Ἰ̔,Ἰ̔,U+1F38 U+0314
Ι,U+0313U+0301,Ἴ,Ἴ,U+1F3C
Ι,U+0313U+0342,Ἶ,Ἶ,U+1F3E
Ι,U+0313U+0300,Ἲ,Ἲ,U+1F3A
Ι,U+0313U+0345,Ἰͅ,Ἰͅ,U+1F38 U+0345
Ι,U+0314U+0314,Ἱ̔,Ἱ̔,U+1F39 U+0314
Ι,U+0314U+0301,Ἵ,Ἵ,U+1F3D
Ι,U+0314U+0342,Ἷ,Ἷ,U+1F3F
Ι,U+0314U+0300,Ἳ,Ἳ,U+1F3B
Ι,U+0314U+0345,Ἱͅ,Ἱͅ,U+1F39 U+0345
Ι,U+0301U+0301,Ί́,Ί́,U+038A U+0301
Ι,U+0301U+0342,Ί͂,Ί͂,U+038A U+0342
Ι,U+0301U+0300,Ί̀,Ί̀,U+038A U+0300
Ι,U+0301U+0345,Ίͅ,Ίͅ,U+038A U+0345
Ι,U+0342U+0342,Ι͂͂,Ι͂͂,U+0399 U+0342 U+0342
Ι,U+0342U+0300,Ι͂̀,Ι͂̀,U+0399 U+0342 U+0300
Ι,U+0342U+0345,Ι͂ͅ,Ι͂ͅ,U+0399 U+0342 U+0345
Ι,U+0300U+0300,Ὶ̀,Ὶ̀,U+1FDA U+0300
Ι,U+0300U+0345,Ὶͅ,Ὶͅ,U+1FDA U+0345
Ι,U+0345U+0345,Ιͅͅ,Ιͅͅ,U+0399 U+0345 U+0345
Ι,U+0313U+0313U+0313,Ἰ̓̓,Ἰ̓̓,U+1F38 U+0313 U+0313
Ι,U+0313U+0313U+0314,Ἰ̓̔,Ἰ̓̔,U+1F38 U+0313 U+0314
Ι,U+0313U+0313U+0301,Ἰ̓́,Ἰ̓́,U+1F38 U+0313 U+0301
Ι,U+0313U+0313U+0342,Ἰ̓͂,Ἰ̓͂,U+1F38 U+0313 U+0342
Ι,U+0313U+0313U+0300,Ἰ̓̀,Ἰ̓̀,U+1F38 U+0313 U+0300
Ι,U+0313U+0313U+0345,Ἰ̓ͅ,Ἰ̓ͅ,U+1F38 U+0313 U+0345
Ι,U+0313U+0314U+0314,Ἰ̔̔,Ἰ̔̔,U+1F38 U+0314 U+0314
Ι,U+0313U+0314U+0301,Ἰ̔́,Ἰ̔́,U+1F38 U+0314 U+0301
Ι,U+0313U+0314U+0342,Ἰ̔͂,Ἰ̔͂,U+1F38 U+0314 U+0342
Ι,U+0313U+0314U+0300,Ἰ̔̀,Ἰ̔̀,U+1F38 U+0314 U+0300
Ι,U+0313U+0314U+0345,Ἰ̔ͅ,Ἰ̔ͅ,U+1F38 U+0314 U+0345
Ι,U+0313U+0301U+0301,Ἴ́,Ἴ́,U+1F3C U+0301
Ι,U+0313U+0301U+0342,Ἴ͂,Ἴ͂,U+1F3C U+0342
Ι,U+0313U+0301U+0300,Ἴ̀,Ἴ̀,U+1F3C U+0300
Ι,U+0313U+0301U+0345,Ἴͅ,Ἴͅ,U+1F3C U+0345
Ι,U+0313U+0342U+0342,Ἶ͂,Ἶ͂,U+1F3E U+0342
Ι,U+0313U+0342U+0300,Ἶ̀,Ἶ̀,U+1F3E U+0300
Ι,U+0313U+0342U+0345,Ἶͅ,Ἶͅ,U+1F3E U+0345
Ι,U+0313U+0300U+0300,Ἲ̀,Ἲ̀,U+1F3A U+0300
Ι,U+0313U+0300U+0345,Ἲͅ,Ἲͅ,U+1F3A U+0345
Ι,U+0313U+0345U+0345,Ἰͅͅ,Ἰͅͅ,U+1F38 U+0345 U+0345
Ι,U+0314U+0314U+0314,Ἱ̔̔,Ἱ̔̔,U+1F39 U+0314 U+0314
Ι,U+0314U+0314U+0301,Ἱ̔́,Ἱ̔́,U+1F39 U+0314 U+0301
Ι,U+0314U+0314U+0342,Ἱ̔͂,Ἱ̔͂,U+1F39 U+0314 U+0342
Ι,U+0314U+0314U+0300,Ἱ̔̀,Ἱ̔̀,U+1F39 U+0314 U+0300
Ι,U+0314U+0314U+0345,Ἱ̔ͅ,Ἱ̔ͅ,U+1F39 U+0314 U+0345
Ι,U+0314U+0301U+0301,Ἵ́,Ἵ́,U+1F3D U+0301
Ι,U+0314U+0301U+0342,Ἵ͂,Ἵ͂,U+1F3D U+0342
Ι,U+0314U+0301U+0300,Ἵ̀,Ἵ̀,U+1F3D U+0300
Ι,U+0314U+0301U+0345,Ἵͅ,Ἵͅ,U+1F3D U+0345
Ι,U+0314U+0342U+0342,Ἷ͂,Ἷ͂,U+1F3F U+0342
Ι,U+0314U+0342U+0300,Ἷ̀,Ἷ̀,U+1F3F U+0300
Ι,U+0314U+0342U+0345,Ἷͅ,Ἷͅ,U+1F3F U+0345
Ι,U+0314U+0300U+0300,Ἳ̀,Ἳ̀,U+1F3B U+0300
Ι,U+0314U+0300U+0345,Ἳͅ,Ἳͅ,U+1F3B U+0345
Ι,U+0314U+0345U+0345,Ἱͅͅ,Ἱͅͅ,U+1F39 U+0345 U+0345
Ι,U+0301U+0301U+0301,Ί́́,Ί́́,U+038A U+0301 U+0301
Ι,U+0301U+0301U+0342,Ί́͂,Ί́͂,U+038A U+0301 U+0342
Ι,U+0301U+0301U+0300,Ί́̀,Ί́̀,U+038A U+0301 U+0300
Ι,U+0301U+0301U+0345,Ί́ͅ,Ί́ͅ,U+038A U+0301 U+0345
Ι,U+0301U+0342U+0342,Ί͂͂,Ί͂͂,U+038A U+0342 U+0342
Ι,U+0301U+0342U+0300,Ί͂̀,Ί͂̀,U+038A U+0342 U+0300
Ι,U+0301U+0342U+0345,Ί͂ͅ,Ί͂ͅ,U+038A U+0342 U+0345
Ι,U+0301U+0300U+0300,Ί̀̀,Ί̀̀,U+038A U+0300 U+0300
Ι,U+0301U+0300U+0345,Ί̀ͅ,Ί̀ͅ,U+038A U+0300 U+0345
Ι,U+0301U+0345U+0345,Ίͅͅ,Ίͅͅ,U+038A U+0345 U+0345
Ι,U+0342U+0342U+0342,Ι͂͂͂,Ι͂͂͂,U+0399 U+0342 U+0342 U+0342
Ι,U+0342U+0342U+0300,Ι͂͂̀,Ι͂͂̀,U+0399 U+0342 U+0342 U+0300
Ι,U+0342U+0342U+0345,Ι͂͂ͅ,Ι͂͂ͅ,U+0399 U+0342 U+0342 U+0345
Ι,U+0342U+0300U+0300,Ι͂̀̀,Ι͂̀̀,U+0399 U+0342 U+0300 U+0300
Ι,U+0342U+0300U+0345,Ι͂̀ͅ,Ι͂̀ͅ,U+0399 U+0342 U+0300 U+0345
Ι,U+0342U+0345U+0345,Ι͂ͅͅ,Ι͂ͅͅ,U+0399 U+0342 U+0345 U+0345
Ι,U+0300U+0300U+0300,Ὶ̀̀,Ὶ̀̀,U+1FDA U+0300 U+0300
Ι,U+0300U+0300U+0345,Ὶ̀ͅ,Ὶ̀ͅ,U+1FDA U+0300 U+0345
Ι,U+0300U+0345U+0345,Ὶͅͅ,Ὶͅͅ,U+1FDA U+0345 U+0345
Ι,U+0345U+0345U+0345,Ιͅͅͅ,Ιͅͅͅ,U+0399 U+0345 U+0345 U+0345
Ο,U+0313,Ὀ,Ὀ,U+1F48
Ο,U+0314,Ὁ,Ὁ,U+1F49
Ο,U+0301,Ό,Ό,U+038C
Ο,U+0342,Ο͂,Ο͂,U+039F U+0342
Ο,U+0300,Ὸ,Ὸ,U+1FF8
Ο,U+0345,Οͅ,Οͅ,U+039F U+0345
Ο,U+0313U+0313,Ὀ̓,Ὀ̓,U+1F48 U+0313
Ο,U+0313U+0314,Ὀ̔,Ὀ̔,U+1F48 U+0314
Ο,U+0313U+0301,Ὄ,Ὄ,U+1F4C
Ο,U+0313U+0342,Ὀ͂,Ὀ͂,U+1F48 U+0342
Ο,U+0313U+0300,Ὂ,Ὂ,U+1F4A
Ο,U+0313U+0345,Ὀͅ,Ὀͅ,U+1F48 U+0345
Ο,U+0314U+0314,Ὁ̔,Ὁ̔,U+1F49 U+0314
Ο,U+0314U+0301,Ὅ,Ὅ,U+1F4D
Ο,U+0314U+0342,Ὁ͂,Ὁ͂,U+1F49 U+0342
Ο,U+0314U+0300,Ὃ,Ὃ,U+1F4B
Ο,U+0314U+0345,Ὁͅ,Ὁͅ,U+1F49 U+0345
Ο,U+0301U+0301,Ό́,Ό́,U+038C U+0301
Ο,U+0301U+0342,Ό͂,Ό͂,U+038C U+0342
Ο,U+0301U+0300,Ό̀,Ό̀,U+038C U+0300
Ο,U+0301U+0345,Όͅ,Όͅ,U+038C U+0345
Ο,U+0342U+0342,Ο͂͂,Ο͂͂,U+039F U+0342 U+0342
Ο,U+0342U+0300,Ο͂̀,Ο͂̀,U+039F U+0342 U+0300
Ο,U+0342U+0345,Ο͂ͅ,Ο͂ͅ,U+039F U+0342 U+0345
Ο,U+0300U+0300,Ὸ̀,Ὸ̀,U+1FF8 U+0300
Ο,U+0300U+0345,Ὸͅ,Ὸͅ,U+1FF8 U+0345
Ο,U+0345U+0345,Οͅͅ,Οͅͅ,U+039F U+0345 U+0345
Ο,U+0313U+0313U+0313,Ὀ̓̓,Ὀ̓̓,U+1F48 U+0313 U+0313
Ο,U+0313U+0313U+0314,Ὀ̓̔,Ὀ̓̔,U+1F48 U+0313 U+0314
Ο,U+0313U+0313U+0301,Ὀ̓́,Ὀ̓́,U+1F48 U+0313 U+0301
Ο,U+0313U+0313U+0342,Ὀ̓͂,Ὀ̓͂,U+1F48 U+0313 U+0342
Ο,U+0313U+0313U+0300,Ὀ̓̀,Ὀ̓̀,U+1F48 U+0313 U+0300
Ο,U+0313U+0313U+0345,Ὀ̓ͅ,Ὀ̓ͅ,U+1F48 U+0313 U+0345
Ο,U+0313U+0314U+0314,Ὀ̔̔,Ὀ̔̔,U+1F48 U+0314 U+0314
Ο,U+0313U+0314U+0301,Ὀ̔́,Ὀ̔́,U+1F48 U+0314 U+0301
Ο,U+0313U+0314U+0342,Ὀ̔͂,Ὀ̔͂,U+1F48 U+0314 U+0342
Ο,U+0313U+0314U+0300,Ὀ̔̀,Ὀ̔̀,U+1F48 U+0314 U+0300
Ο,U+0313U+0314U+0345,Ὀ̔ͅ,Ὀ̔ͅ,U+1F48 U+0314 U+0345
Ο,U+0313U+0301U+0301,Ὄ́,Ὄ́,U+1F4C U+0301
Ο,U+0313U+0301U+0342,Ὄ͂,Ὄ͂,U+1F4C U+0342
Ο,U+0313U+0301U+0300,Ὄ̀,Ὄ̀,U+1F4C U+0300
Ο,U+0313U+0301U+0345,Ὄͅ,Ὄͅ,U+1F4C U+0345
Ο,U+0313U+0342U+0342,Ὀ͂͂,Ὀ͂͂,U+1F48 U+0342 U+0342
Ο,U+0313U+0342U+0300,Ὀ͂̀,Ὀ͂̀,U+1F48 U+0342 U+0300
Ο,U+0313U+0342U+0345,Ὀ͂ͅ,Ὀ͂ͅ,U+1F48 U+0342 U+0345
Ο,U+0313U+0300U+0300,Ὂ̀,Ὂ̀,U+1F4A U+0300
Ο,U+0313U+0300U+0345,Ὂͅ,Ὂͅ,U+1F4A U+0345
Ο,U+0313U+0345U+0345,Ὀͅͅ,Ὀͅͅ,U+1F48 U+0345 U+0345
Ο,U+0314U+0314U+0314,Ὁ̔̔,Ὁ̔̔,U+1F49 U+0314 U+0314
Ο,U+0314U+0314U+0301,Ὁ̔́,Ὁ̔́,U+1F49 U+0314 U+0301
Ο,U+0314U+0314U+0342,Ὁ̔͂,Ὁ̔͂,U+1F49 U+0314 U+0342
Ο,U+0314U+0314U+0300,Ὁ̔̀,Ὁ̔̀,U+1F49 U+0314 U+0300
Ο,U+0314U+0314U+0345,Ὁ̔ͅ,Ὁ̔ͅ,U+1F49 U+0314 U+0345
Ο,U+0314U+0301U+0301,Ὅ́,Ὅ́,U+1F4D U+0301
Ο,U+0314U+0301U+0342,Ὅ͂,Ὅ͂,U+1F4D U+0342
Ο,U+0314U+0301U+0300,Ὅ̀,Ὅ̀,U+1F4D U+0300
Ο,U+0314U+0301U+0345,Ὅͅ,Ὅͅ,U+1F4D U+0345
Ο,U+0314U+0342U+0342,Ὁ͂͂,Ὁ͂͂,U+1F49 U+0342 U+0342
Ο,U+0314U+0342U+0300,Ὁ͂̀,Ὁ͂̀,U+1F49 U+0342 U+0300
Ο,U+0314U+0342U+0345,Ὁ͂ͅ,Ὁ͂ͅ,U+1F49 U+0342 U+0345
Ο,U+0314U+0300U+0300,Ὃ̀,Ὃ̀,U+1F4B U+0300
Ο,U+0314U+0300U+0345,Ὃͅ,Ὃͅ,U+1F4B U+0345
Ο,U+0314U+0345U+0345,Ὁͅͅ,Ὁͅͅ,U+1F49 U+0345 U+0345
Ο,U+0301U+0301U+0301,Ό́́,Ό́́,U+038C U+0301 U+0301
Ο,U+0301U+0301U+0342,Ό́͂,Ό́͂,U+038C U+0301 U+0342
Ο,U+0301U+0301U+0300,Ό́̀,Ό́̀,U+038C U+0301 U+0300
Ο,U+0301U+0301U+0345,Ό́ͅ,Ό́ͅ,U+038C U+0301 U+0345
Ο,U+0301U+0342U+0342,Ό͂͂,Ό͂͂,U+038C U+0342 U+0342
Ο,U+0301U+0342U+0300,Ό͂̀,Ό͂̀,U+038C U+0342 U+0300
Ο,U+0301U+0342U+0345,Ό͂ͅ,Ό͂ͅ,U+038C U+0342 U+0345
Ο,U+0301U+0300U+0300,Ό̀̀,Ό̀̀,U+038C U+0300 U+0300
Ο,U+0301U+0300U+0345,Ό̀ͅ,Ό̀ͅ,U+038C U+0300 U+0345
Ο,U+0301U+0345U+0345,Όͅͅ,Όͅͅ,U+038C U+0345 U+0345
Ο,U+0342U+0342U+0342,Ο͂͂͂,Ο͂͂͂,U+039F U+0342 U+0342 U+0342
Ο,U+0342U+0342U+0300,Ο͂͂̀,Ο͂͂̀,U+039F U+0342 U+0342 U+0300
Ο,U+0342U+0342U+0345,Ο͂͂ͅ,Ο͂͂ͅ,U+039F U+0342 U+0342 U+0345
Ο,U+0342U+0300U+0300,Ο͂̀̀,Ο͂̀̀,U+039F U+0342 U+0300 U+0300
Ο,U+0342U+0300U+0345,Ο͂̀ͅ,Ο͂̀ͅ,U+039F U+0342 U+0300 U+0345
Ο,U+0342U+0345U+0345,Ο͂ͅͅ,Ο͂ͅͅ,U+039F U+0342 U+0345 U+0345
Ο,U+0300U+0300U+0300,Ὸ̀̀,Ὸ̀̀,U+1FF8 U+0300 U+0300
Ο,U+0300U+0300U+0345,Ὸ̀ͅ,Ὸ̀ͅ,U+1FF8 U+0300 U+0345
Ο,U+0300U+0345U+0345,Ὸͅͅ,Ὸͅͅ,U+1FF8 U+0345 U+0345
Ο,U+0345U+0345U+0345,Οͅͅͅ,Οͅͅͅ,U+039F U+0345 U+0345 U+0345
Υ,U+0313,Υ̓,Υ̓,U+03A5 U+0313
Υ,U+0314,Ὑ,Ὑ,U+1F59
Υ,U+0301,Ύ,Ύ,U+038E
Υ,U+0342,Υ͂,Υ͂,U+03A5 U+0342
Υ,U+0300,Ὺ,Ὺ,U+1FEA
Υ,U+0345,Υͅ,Υͅ,U+03A5 U+0345
Υ,U+0313U+0313,Υ̓̓,Υ̓̓,U+03A5 U+0313 U+0313
Υ,U+0313U+0314,Υ̓̔,Υ̓̔,U+03A5 U+0313 U+0314
Υ,U+0313U+0301,Υ̓́,Υ̓́,U+03A5 U+0313 U+0301
Υ,U+0313U+0342,Υ̓͂,Υ̓͂,U+03A5 U+0313 U+0342
Υ,U+0313U+0300,Υ̓̀,Υ̓̀,U+03A5 U+0313 U+0300
Υ,U+0313U+0345,Υ̓ͅ,Υ̓ͅ,U+03A5 U+0313 U+0345
Υ,U+0314U+0314,Ὑ̔,Ὑ̔,U+1F59 U+0314
Υ,U+0314U+0301,Ὕ,Ὕ,U+1F5D
Υ,U+0314U+0342,Ὗ,Ὗ,U+1F5F
Υ,U+0314U+0300,Ὓ,Ὓ,U+1F5B
Υ,U+0314U+0345,Ὑͅ,Ὑͅ,U+1F59 U+0345
Υ,U+0301U+0301,Ύ́,Ύ́,U+038E U+0301
Υ,U+0301U+0342,Ύ͂,Ύ͂,U+038E U+0342
Υ,U+0301U+0300,Ύ̀,Ύ̀,U+038E U+0300
Υ,U+0301U+0345,Ύͅ,Ύͅ,U+038E U+0345
Υ,U+0342U+0342,Υ͂͂,Υ͂͂,U+03A5 U+0342 U+0342
Υ,U+0342U+0300,Υ͂̀,Υ͂̀,U+03A5 U+0342 U+0300
Υ,U+0342U+0345,Υ͂ͅ,Υ͂ͅ,U+03A5 U+0342 U+0345
Υ,U+0300U+0300,Ὺ̀,Ὺ̀,U+1FEA U+0300
Υ,U+0300U+0345,Ὺͅ,Ὺͅ,U+1FEA U+0345
Υ,U+0345U+0345,Υͅͅ,Υͅͅ,U+03A5 U+0345 U+0345
Υ,U+0313U+0313U+0313,Υ̓̓̓,Υ̓̓̓,U+03A5 U+0313 U+0313 U+0313
Υ,U+0313U+0313U+0314,Υ̓̓̔,Υ̓̓̔,U+03A5 U+0313 U+0313 U+0314
Υ,U+0313U+0313U+0301,Υ̓̓́,Υ̓̓́,U+03A5 U+0313 U+0313 U+0301
Υ,U+0313U+0313U+0342,Υ̓̓͂,Υ̓̓͂,U+03A5 U+0313 U+0313 U+0342
Υ,U+0313U+0313U+0300,Υ̓̓̀,Υ̓̓̀,U+03A5 U+0313 U+0313 U+0300
Υ,U+0313U+0313U+0345,Υ̓̓ͅ,Υ̓̓ͅ,U+03A5 U+0313 U+0313 U+0345
Υ,U+0313U+0314U+0314,Υ̓̔̔,Υ̓̔̔,U+03A5 U+0313 U+0314 U+0314
Υ,U+0313U+0314U+0301,Υ̓̔́,Υ̓̔́,U+03A5 U+0313 U+0314 U+0301
Υ,U+0313U+0314U+0342,Υ̓̔͂,Υ̓̔͂,U+03A5 U+0313 U+0314 U+0342
Υ,U+0313U+0314U+0300,Υ̓̔̀,Υ̓̔̀,U+03A5 U+0313 U+0314 U+0300
Υ,U+0313U+0314U+0345,Υ̓̔ͅ,Υ̓̔ͅ,U+03A5 U+0313 U+0314 U+0345
Υ,U+0313U+0301U+0301,Υ̓́́,Υ̓́́,U+03A5 U+0313 U+0301 U+0301
Υ,U+0313U+0301U+0342,Υ̓́͂,Υ̓́͂,U+03A5 U+0313 U+0301 U+0342
Υ,U+0313U+0301U+0300,Υ̓́̀,Υ̓́̀,U+03A5 U+0313 U+0301 U+0300
Υ,U+0313U+0301U+0345,Υ̓́ͅ,Υ̓́ͅ,U+03A5 U+0313 U+0301 U+0345
Υ,U+0313U+0342U+0342,Υ̓͂͂,Υ̓͂͂,U+03A5 U+0313 U+0342 U+0342
Υ,U+0313U+0342U+0300,Υ̓͂̀,Υ̓͂̀,U+03A5 U+0313 U+0342 U+0300
Υ,U+0313U+0342U+0345,Υ̓͂ͅ,Υ̓͂ͅ,U+03A5 U+0313 U+0342 U+0345
Υ,U+0313U+0300U+0300,Υ̓̀̀,Υ̓̀̀,U+03A5 U+0313 U+0300 U+0300
Υ,U+0313U+0300U+0345,Υ̓̀ͅ,Υ̓̀ͅ,U+03A5 U+0313 U+0300 U+0345
Υ,U+0313U+0345U+0345,Υ̓ͅͅ,Υ̓ͅͅ,U+03A5 U+0313 U+0345 U+0345
Υ,U+0314U+0314U+0314,Ὑ̔̔,Ὑ̔̔,U+1F59 U+0314 U+0314
Υ,U+0314U+0314U+0301,Ὑ̔́,Ὑ̔́,U+1F59 U+0314 U+0301
Υ,U+0314U+0314U+0342,Ὑ̔͂,Ὑ̔͂,U+1F59 U+0314 U+0342
Υ,U+0314U+0314U+0300,Ὑ̔̀,Ὑ̔̀,U+1F59 U+0314 U+0300
Υ,U+0314U+0314U+0345,Ὑ̔ͅ,Ὑ̔ͅ,U+1F59 U+0314 U+0345
Υ,U+0314U+0301U+0301,Ὕ́,Ὕ́,U+1F5D U+0301
Υ,U+0314U+0301U+0342,Ὕ͂,Ὕ͂,U+1F5D U+0342
Υ,U+0314U+0301U+0300,Ὕ̀,Ὕ̀,U+1F5D U+0300
Υ,U+0314U+0301U+0345,Ὕͅ,Ὕͅ,U+1F5D U+0345
Υ,U+0314U+0342U+0342,Ὗ͂,Ὗ͂,U+1F5F U+0342
Υ,U+0314U+0342U+0300,Ὗ̀,Ὗ̀,U+1F5F U+0300
Υ,U+0314U+0342U+0345,Ὗͅ,Ὗͅ,U+1F5F U+0345
Υ,U+0314U+0300U+0300,Ὓ̀,Ὓ̀,U+1F5B U+0300
Υ,U+0314U+0300U+0345,Ὓͅ,Ὓͅ,U+1F5B U+0345
Υ,U+0314U+0345U+0345,Ὑͅͅ,Ὑͅͅ,U+1F59 U+0345 U+0345
Υ,U+0301U+0301U+0301,Ύ́́,Ύ́́,U+038E U+0301 U+0301
Υ,U+0301U+0301U+0342,Ύ́͂,Ύ́͂,U+038E U+0301 U+0342
Υ,U+0301U+0301U+0300,Ύ́̀,Ύ́̀,U+038E U+0301 U+0300
Υ,U+0301U+0301U+0345,Ύ́ͅ,Ύ́ͅ,U+038E U+0301 U+0345
Υ,U+0301U+0342U+0342,Ύ͂͂,Ύ͂͂,U+038E U+0342 U+0342
Υ,U+0301U+0342U+0300,Ύ͂̀,Ύ͂̀,U+038E U+0342 U+0300
Υ,U+0301U+0342U+0345,Ύ͂ͅ,Ύ͂ͅ,U+038E U+0342 U+0345
Υ,U+0301U+0300U+0300,Ύ̀̀,Ύ̀̀,U+038E U+0300 U+0300
Υ,U+0301U+0300U+0345,Ύ̀ͅ,Ύ̀ͅ,U+038E U+0300 U+0345
Υ,U+0301U+0345U+0345,Ύͅͅ,Ύͅͅ,U+038E U+0345 U+0345
Υ,U+0342U+0342U+0342,Υ͂͂͂,Υ͂͂͂,U+03A5 U+0342 U+0342 U+0342
Υ,U+0342U+0342U+0300,Υ͂͂̀,Υ͂͂̀,U+03A5 U+0342 U+0342 U+0300
Υ,U+0342U+0342U+0345,Υ͂͂ͅ,Υ͂͂ͅ,U+03A5 U+0342 U+0342 U+0345
Υ,U+0342U+0300U+0300,Υ͂̀̀,Υ͂̀̀,U+03A5 U+0342 U+0300 U+0300
Υ,U+0342U+0300U+0345,Υ͂̀ͅ,Υ͂̀ͅ,U+03A5 U+0342 U+0300 U+0345
Υ,U+0342U+0345U+0345,Υ͂ͅͅ,Υ͂ͅͅ,U+03A5 U+0342 U+0345 U+0345
Υ,U+0300U+0300U+0300,Ὺ̀̀,Ὺ̀̀,U+1FEA U+0300 U+0300
Υ,U+0300U+0300U+0345,Ὺ̀ͅ,Ὺ̀ͅ,U+1FEA U+0300 U+0345
Υ,U+0300U+0345U+0345,Ὺͅͅ,Ὺͅͅ,U+1FEA U+0345 U+0345
Υ,U+0345U+0345U+0345,Υͅͅͅ,Υͅͅͅ,U+03A5 U+0345 U+0345 U+0345
Ω,U+0313,Ὠ,Ὠ,U+1F68
Ω,U+0314,Ὡ,Ὡ,U+1F69
Ω,U+0301,Ώ,Ώ,U+038F
Ω,U+0342,Ω͂,Ω͂,U+03A9 U+0342
Ω,U+0300,Ὼ,Ὼ,U+1FFA
Ω,U+0345,ῼ,ῼ,U+1FFC
Ω,U+0313U+0313,Ὠ̓,Ὠ̓,U+1F68 U+0313
Ω,U+0313U+0314,Ὠ̔,Ὠ̔,U+1F68 U+0314
Ω,U+0313U+0301,Ὤ,Ὤ,U+1F6C
Ω,U+0313U+0342,Ὦ,Ὦ,U+1F6E
Ω,U+0313U+0300,Ὢ,Ὢ,U+1F6A
Ω,U+0313U+0345,ᾨ,ᾨ,U+1FA8
Ω,U+0314U+0314,Ὡ̔,Ὡ̔,U+1F69 U+0314
Ω,U+0314U+0301,Ὥ,Ὥ,U+1F6D
Ω,U+0314U+0342,Ὧ,Ὧ,U+1F6F
Ω,U+0314U+0300,Ὣ,Ὣ,U+1F6B
Ω,U+0314U+0345,ᾩ,ᾩ,U+1FA9
Ω,U+0301U+0301,Ώ́,Ώ́,U+038F U+0301
Ω,U+0301U+0342,Ώ͂,Ώ͂,U+038F U+0342
Ω,U+0301U+0300,Ώ̀,Ώ̀,U+038F U+0300
Ω,U+0301U+0345,Ώͅ,Ώͅ,U+038F U+0345
Ω,U+0342U+0342,Ω͂͂,Ω͂͂,U+03A9 U+0342 U+0342
Ω,U+0342U+0300,Ω͂̀,Ω͂̀,U+03A9 U+0342 U+0300
Ω,U+0342U+0345,ῼ͂,ῼ͂,U+1FFC U+0342
Ω,U+0300U+0300,Ὼ̀,Ὼ̀,U+1FFA U+0300
Ω,U+0300U+0345,Ὼͅ,Ὼͅ,U+1FFA U+0345
Ω,U+0345U+0345,ῼͅ,ῼͅ,U+1FFC U+0345
Ω,U+0313U+0313U+0313,Ὠ̓̓,Ὠ̓̓,U+1F68 U+0313 U+0313
Ω,U+0313U+0313U+0314,Ὠ̓̔,Ὠ̓̔,U+1F68 U+0313 U+0314
Ω,U+0313U+0313U+0301,Ὠ̓́,Ὠ̓́,U+1F68 U+0313 U+0301
Ω,U+0313U+0313U+0342,Ὠ̓͂,Ὠ̓͂,U+1F68 U+0313 U+0342
Ω,U+0313U+0313U+0300,Ὠ̓̀,Ὠ̓̀,U+1F68 U+0313 U+0300
Ω,U+0313U+0313U+0345,ᾨ̓,ᾨ̓,U+1FA8 U+0313
Ω,U+0313U+0314U+0314,Ὠ̔̔,Ὠ̔̔,U+1F68 U+0314 U+0314
Ω,U+0313U+0314U+0301,Ὠ̔́,Ὠ̔́,U+1F68 U+0314 U+0301
Ω,U+0313U+0314U+0342,Ὠ̔͂,Ὠ̔͂,U+1F68 U+0314 U+0342
Ω,U+0313U+0314U+0300,Ὠ̔̀,Ὠ̔̀,U+1F68 U+0314 U+0300
Ω,U+0313U+0314U+0345,ᾨ̔,ᾨ̔,U+1FA8 U+0314
Ω,U+0313U+0301U+0301,Ὤ́,Ὤ́,U+1F6C U+0301
Ω,U+0313U+0301U+0342,Ὤ͂,Ὤ͂,U+1F6C U+0342
Ω,U+0313U+0301U+0300,Ὤ̀,Ὤ̀,U+1F6C U+0300
Ω,U+0313U+0301U+0345,ᾬ,ᾬ,U+1FAC
Ω,U+0313U+0342U+0342,Ὦ͂,Ὦ͂,U+1F6E U+0342
Ω,U+0313U+0342U+0300,Ὦ̀,Ὦ̀,U+1F6E U+0300
Ω,U+0313U+0342U+0345,ᾮ,ᾮ,U+1FAE
Ω,U+0313U+0300U+0300,Ὢ̀,Ὢ̀,U+1F6A U+0300
Ω,U+0313U+0300U+0345,ᾪ,ᾪ,U+1FAA
Ω,U+0313U+0345U+0345,ᾨͅ,ᾨͅ,U+1FA8 U+0345
Ω,U+0314U+0314U+0314,Ὡ̔̔,Ὡ̔̔,U+1F69 U+0314 U+0314
Ω,U+0314U+0314U+0301,Ὡ̔́,Ὡ̔́,U+1F69 U+0314 U+0301
Ω,U+0314U+0314U+0342,Ὡ̔͂,Ὡ̔͂,U+1F69 U+0314 U+0342
Ω,U+0314U+0314U+0300,Ὡ̔̀,Ὡ̔̀,U+1F69 U+0314 U+0300
Ω,U+0314U+0314U+0345,ᾩ̔,ᾩ̔,U+1FA9 U+0314
Ω,U+0314U+0301U+0301,Ὥ́,Ὥ́,U+1F6D U+0301
Ω,U+0314U+0301U+0342,Ὥ͂,Ὥ͂,U+1F6D U+0342
Ω,U+0314U+0301U+0300,Ὥ̀,Ὥ̀,U+1F6D U+0300
Ω,U+0314U+0301U+0345,ᾭ,ᾭ,U+1FAD
Ω,U+0314U+0342U+0342,Ὧ͂,Ὧ͂,U+1F6F U+0342
Ω,U+0314U+0342U+0300,Ὧ̀,Ὧ̀,U+1F6F U+0300
Ω,U+0314U+0342U+0345,ᾯ,ᾯ,U+1FAF
Ω,U+0314U+0300U+0300,Ὣ̀,Ὣ̀,U+1F6B U+0300
Ω,U+0314U+0300U+0345,ᾫ,ᾫ,U+1FAB
Ω,U+0314U+0345U+0345,ᾩͅ,ᾩͅ,U+1FA9 U+0345
Ω,U+0301U+0301U+0301,Ώ́́,Ώ́́,U+038F U+0301 U+0301
Ω,U+0301U+0301U+0342,Ώ́͂,Ώ́͂,U+038F U+0301 U+0342
Ω,U+0301U+0301U+0300,Ώ́̀,Ώ́̀,U+038F U+0301 U+0300
Ω,U+0301U+0301U+0345,Ώ́ͅ,Ώ́ͅ,U+038F U+0301 U+0345
Ω,U+0301U+0342U+0342,Ώ͂͂,Ώ͂͂,U+038F U+0342 U+0342
Ω,U+0301U+0342U+0300,Ώ͂̀,Ώ͂̀,U+038F U+0342 U+0300
Ω,U+0301U+0342U+0345,Ώ͂ͅ,Ώ͂ͅ,U+038F U+0342 U+0345
Ω,U+0301U+0300U+0300,Ώ̀̀,Ώ̀̀,U+038F U+0300 U+0300
Ω,U+0301U+0300U+0345,Ώ̀ͅ,Ώ̀ͅ,U+038F U+0300 U+0345
Ω,U+0301U+0345U+0345,Ώͅͅ,Ώͅͅ,U+038F U+0345 U+0345
Ω,U+0342U+0342U+0342,Ω͂͂͂,Ω͂͂͂,U+03A9 U+0342 U+0342 U+0342
Ω,U+0342U+0342U+0300,Ω͂͂̀,Ω͂͂̀,U+03A9 U+0342 U+0342 U+0300
Ω,U+0342U+0342U+0345,ῼ͂͂,ῼ͂͂,U+1FFC U+0342 U+0342
Ω,U+0342U+0300U+0300,Ω͂̀̀,Ω͂̀̀,U+03A9 U+0342 U+0300 U+0300
Ω,U+0342U+0300U+0345,ῼ͂̀,ῼ͂̀,U+1FFC U+0342 U+0300
Ω,U+0342U+0345U+0345,ῼ͂ͅ,ῼ͂ͅ,U+1FFC U+0342 U+0345
Ω,U+0300U+0300U+0300,Ὼ̀̀,Ὼ̀̀,U+1FFA U+0300 U+0300
Ω,U+0300U+0300U+0345,Ὼ̀ͅ,Ὼ̀ͅ,U+1FFA U+0300 U+0345
Ω,U+0300U+0345U+0345,Ὼͅͅ,Ὼͅͅ,U+1FFA U+0345 U+0345
Ω,U+0345U+0345U+0345,ῼͅͅ,ῼͅͅ,U+1FFC U+0345 U+0345
ρ,,ρ,ρ,U+03C1
Ρ,,Ρ,Ρ,U+03A1
ρ,U+0314,ῥ,ῥ,U+1FE5
Ρ,U+0314,Ῥ,Ῥ,U+1FEC
ρ,U+0313,ῤ,ῤ,U+1FE4
Ρ,U+0313,Ρ̓,Ρ̓,U+03A1 U+0313
